,,,,
"Jan. 12, 2025",544,,,array
"Jan. 12, 2025",1773,,,array
"Jan. 12, 2025",2249,,,binary search
"Jan. 12, 2025",2868,,,array
"Jan. 5, 2025",1115,,,array
"Jan. 5, 2025",1424,,,hash table
"Jan. 5, 2025",2377,,,array
"Jan. 5, 2025",2724,,,array
"Jan. 4, 2025",923,,,string
"Jan. 4, 2025",1702,,,hash table
"Jan. 4, 2025",2481,,,array
"Jan. 4, 2025",2840,,,array
"Dec. 29, 2024",484,,,
"Dec. 29, 2024",1727,,,
"Dec. 29, 2024",2288,,,
"Dec. 29, 2024",2448,,,
"Dec. 22, 2024",667,,,
"Dec. 22, 2024",1596,,,
"Dec. 22, 2024",2307,,,
"Dec. 22, 2024",2382,,,
"Dec. 21, 2024",542,,,
"Dec. 21, 2024",1521,,,
"Dec. 21, 2024",1905,,,
"Dec. 21, 2024",2818,,,
"Dec. 15, 2024",578,,,array
"Dec. 15, 2024",1685,,,array
"Dec. 15, 2024",2342,,,array
"Dec. 15, 2024",2934,,,hash table
"Dec. 8, 2024",551,,,array
"Dec. 8, 2024",1704,,,array
"Dec. 8, 2024",1933,,,array
"Dec. 8, 2024",2742,,,array
"Dec. 7, 2024",980,,,array
"Dec. 7, 2024",1316,,,array
"Dec. 7, 2024",2070,,,math
"Dec. 7, 2024",2465,,,array
"Dec. 1, 2024",589,,,math
"Dec. 1, 2024",1573,,,array
"Dec. 1, 2024",1879,,,tree
"Dec. 1, 2024",2163,,,tree
"Nov. 24, 2024",825,,,
"Nov. 24, 2024",1398,,,
"Nov. 24, 2024",2040,,,
"Nov. 24, 2024",2626,,,
"Nov. 23, 2024",700,,,
"Nov. 23, 2024",1445,,,
"Nov. 23, 2024",2405,,,
"Nov. 23, 2024",2415,,,
"Nov. 17, 2024",1009,,,array
"Nov. 17, 2024",1460,,,array
"Nov. 17, 2024",1739,,,array
"Nov. 17, 2024",2850,,,array
"Nov. 10, 2024",623,,,array
"Nov. 10, 2024",1521,,,array
"Nov. 10, 2024",2091,,,array
"Nov. 10, 2024",2482,,,math
"Nov. 9, 2024",475,,,math
"Nov. 9, 2024",1856,,,array
"Nov. 9, 2024",2121,,,array
"Nov. 9, 2024",3109,,,math
"Nov. 3, 2024",562,,,string
"Nov. 3, 2024",1640,,,array
"Nov. 3, 2024",1792,,,array
"Nov. 3, 2024",2627,,,math
"Oct. 27, 2024",1001,,,array
"Oct. 27, 2024",1687,,,hash table
"Oct. 27, 2024",2376,,,array
"Oct. 27, 2024",2400,,,hash table
"Oct. 26, 2024",715,,,string
"Oct. 26, 2024",1785,,,array
"Oct. 26, 2024",2027,,,array
"Oct. 26, 2024",2634,,,string
"Oct. 20, 2024",910,,,string
"Oct. 20, 2024",1318,,,hash table
"Oct. 20, 2024",1794,,,array
"Oct. 20, 2024",2475,,,array
"Oct. 13, 2024",1041,,,array
"Oct. 13, 2024",1415,,,tree
"Oct. 13, 2024",2103,,,string
"Oct. 13, 2024",2595,,,array
"Oct. 12, 2024",581,,,array
"Oct. 12, 2024",1607,,,array
"Oct. 12, 2024",2035,,,array
"Oct. 12, 2024",2402,,,math
"Oct. 6, 2024",768,,,array
"Oct. 6, 2024",1590,,,depth-first search
"Oct. 6, 2024",2514,,,array
"Oct. 6, 2024",2645,,,array
"Sept. 29, 2024",811,,,math
"Sept. 29, 2024",1467,,,hash table
"Sept. 29, 2024",2190,,,hash table
"Sept. 29, 2024",2229,,,math
"Sept. 28, 2024",580,,,array
"Sept. 28, 2024",1387,,,array
"Sept. 28, 2024",2511,,,two pointers
"Sept. 28, 2024",2538,,,string
"Sept. 22, 2024",614,,,array
"Sept. 22, 2024",1640,,,array
"Sept. 22, 2024",1780,,,hash table
"Sept. 22, 2024",1851,,,hash table
"Sept. 15, 2024",527,,,array
"Sept. 15, 2024",1681,,,array
"Sept. 15, 2024",2080,,,array
"Sept. 15, 2024",2666,,,array
"Sept. 14, 2024",461,,,array
"Sept. 14, 2024",1592,,,array
"Sept. 14, 2024",2475,,,array
"Sept. 14, 2024",2574,,,array
"Sept. 8, 2024",600,,,math
"Sept. 8, 2024",1709,,,array
"Sept. 8, 2024",1719,,,array
"Sept. 8, 2024",2488,,,array
"Sept. 1, 2024",610,,,math
"Sept. 1, 2024",1353,,,array
"Sept. 1, 2024",2420,,,array
"Sept. 1, 2024",2711,,,array
"Aug. 31, 2024",717,,,math
"Aug. 31, 2024",1102,,,string
"Aug. 31, 2024",2031,,,array
"Aug. 31, 2024",2402,,,hash table
"Aug. 25, 2024",562,,,array
"Aug. 25, 2024",1638,,,array
"Aug. 25, 2024",2521,,,array
"Aug. 25, 2024",2560,,,array
"Aug. 18, 2024",792,,,string
"Aug. 18, 2024",1367,,,array
"Aug. 18, 2024",2372,,,math
"Aug. 18, 2024",2675,,,array
"Aug. 17, 2024",620,,,array
"Aug. 17, 2024",1535,,,array
"Aug. 17, 2024",2278,,,array
"Aug. 17, 2024",2498,,,array
"Aug. 11, 2024",580,,,array
"Aug. 11, 2024",1532,,,tree
"Aug. 11, 2024",1898,,,array
"Aug. 11, 2024",2358,,,array
"Aug. 4, 2024",875,,,array
"Aug. 4, 2024",1470,,,array
"Aug. 4, 2024",2243,,,array
"Aug. 4, 2024",3107,,,array
"Aug. 3, 2024",807,,,array
"Aug. 3, 2024",1201,,,array
"Aug. 3, 2024",2085,,,array
"Aug. 3, 2024",2523,,,dynamic programming
"July 28, 2024",509,,,array
"July 28, 2024",1435,,,array
"July 28, 2024",2554,,,string
"July 28, 2024",3808,,,array
"July 21, 2024",801,,,bit manipulation
"July 21, 2024",1347,,,math
"July 21, 2024",1539,,,string
"July 21, 2024",2072,,,array
"July 20, 2024",684,,,math
"July 20, 2024",1325,,,hash table
"July 20, 2024",1988,,,array
"July 20, 2024",3011,,,array
"July 14, 2024",885,,,string
"July 14, 2024",1174,,,array
"July 14, 2024",1622,,,array
"July 14, 2024",1772,,,array
"July 7, 2024",656,,,string
"July 7, 2024",1230,,,string
"July 7, 2024",1648,,,array
"July 7, 2024",2923,,,array
"July 6, 2024",614,,,array
"July 6, 2024",1546,,,array
"July 6, 2024",1695,,,array
"July 6, 2024",2063,,,array
"June 30, 2024",909,,,array
"June 30, 2024",1511,,,array
"June 30, 2024",1929,,,array
"June 30, 2024",2257,,,tree
"June 23, 2024",631,,,array
"June 23, 2024",1189,,,array
"June 23, 2024",1829,,,array
"June 23, 2024",2565,,,array
"June 22, 2024",618,,,array
"June 22, 2024",1189,,,array
"June 22, 2024",1362,,,array
"June 22, 2024",2345,,,array
"June 16, 2024",678,,,array
"June 16, 2024",1288,,,array
"June 16, 2024",1810,,,array
"June 16, 2024",2170,,,array
"June 9, 2024",853,,,math
"June 9, 2024",1188,,,array
"June 9, 2024",1824,,,array
"June 9, 2024",2706,,,array
"June 8, 2024",722,,,hash table
"June 8, 2024",1399,,,array
"June 8, 2024",1848,,,array
"June 8, 2024",2375,,,array
"June 2, 2024",677,,,string
"June 2, 2024",1382,,,array
"June 2, 2024",1729,,,hash table
"June 2, 2024",2183,,,array
"May 26, 2024",645,,,array
"May 26, 2024",1150,,,string
"May 26, 2024",1750,,,array
"May 26, 2024",2713,,,array
"May 25, 2024",708,,,array
"May 25, 2024",1049,,,array
"May 25, 2024",1447,,,array
"May 25, 2024",2542,,,array
"May 19, 2024",631,,,array
"May 19, 2024",1470,,,array
"May 19, 2024",1602,,,array
"May 19, 2024",2109,,,math
"May 12, 2024",592,,,hash table
"May 12, 2024",1374,,,array
"May 12, 2024",1797,,,array
"May 12, 2024",2659,,,array
"May 11, 2024",621,,,array
"May 11, 2024",1629,,,array
"May 11, 2024",1889,,,hash table
"May 11, 2024",2877,,,array
"May 5, 2024",762,,,string
"May 5, 2024",1379,,,hash table
"May 5, 2024",1973,,,hash table
"May 5, 2024",2677,,,array
"April 28, 2024",558,,,array
"April 28, 2024",1570,,,array
"April 28, 2024",1932,,,bit manipulation
"April 28, 2024",2482,,,array
"April 27, 2024",771,,,array
"April 27, 2024",1396,,,array
"April 27, 2024",2188,,,dynamic programming
"April 27, 2024",2810,,,dynamic programming
"April 21, 2024",734,,,hash table
"April 21, 2024",1286,,,hash table
"April 21, 2024",1900,,,array
"April 21, 2024",2107,,,depth-first search
"April 14, 2024",985,,,array
"April 14, 2024",992,,,string
"April 14, 2024",2404,,,array
"April 14, 2024",2760,,,array
"April 13, 2024",581,,,string
"April 13, 2024",1308,,,array
"April 13, 2024",1742,,,array
"April 13, 2024",2063,,,array
"April 7, 2024",716,,,array
"April 7, 2024",1436,,,string
"April 7, 2024",1556,,,array
"April 7, 2024",2122,,,array
"March 31, 2024",635,,,math
"March 31, 2024",1279,,,math
"March 31, 2024",1331,,,array
"March 31, 2024",2250,,,array
"March 30, 2024",927,,,array
"March 30, 2024",1321,,,array
"March 30, 2024",1856,,,array
"March 30, 2024",2571,,,array
"March 24, 2024",865,,,hash table
"March 24, 2024",1395,,,math
"March 24, 2024",1749,,,array
"March 24, 2024",2130,,,array
"March 17, 2024",709,,,hash table
"March 17, 2024",1171,,,math
"March 17, 2024",1748,,,hash table
"March 17, 2024",2708,,,array
"March 16, 2024",563,,,array
"March 16, 2024",1568,,,array
"March 16, 2024",1911,,,hash table
"March 16, 2024",2264,,,array
"March 10, 2024",743,,,array
"March 10, 2024",1168,,,array
"March 10, 2024",1602,,,array
"March 10, 2024",2586,,,array
"March 3, 2024",670,,,array
"March 3, 2024",1436,,,array
"March 3, 2024",1680,,,array
"March 3, 2024",2076,,,array
"March 2, 2024",638,,,array
"March 2, 2024",1323,,,array
"March 2, 2024",1929,,,array
"March 2, 2024",2322,,,array
"Feb. 25, 2024",706,,,array
"Feb. 25, 2024",1548,,,array
"Feb. 25, 2024",2267,,,array
"Feb. 25, 2024",3123,,,array
"Feb. 18, 2024",703,,,array
"Feb. 18, 2024",1651,,,array
"Feb. 18, 2024",1708,,,array
"Feb. 18, 2024",2352,,,array
"Feb. 17, 2024",688,,,array
"Feb. 17, 2024",1331,,,array
"Feb. 17, 2024",1693,,,array
"Feb. 17, 2024",2257,,,array
"Feb. 11, 2024",674,,,array
"Feb. 11, 2024",1265,,,array
"Feb. 11, 2024",1859,,,array
"Feb. 11, 2024",1901,,,array
"Feb. 4, 2024",495,,,array
"Feb. 4, 2024",1629,,,string
"Feb. 4, 2024",1887,,,array
"Feb. 4, 2024",2282,,,string
"Feb. 3, 2024",534,,,array
"Feb. 3, 2024",1702,,,array
"Feb. 3, 2024",1849,,,array
"Feb. 3, 2024",2055,,,array
"Jan. 28, 2024",589,,,string
"Jan. 28, 2024",1523,,,math
"Jan. 28, 2024",1710,,,array
"Jan. 28, 2024",2945,,,array
"Jan. 21, 2024",840,,,math
"Jan. 21, 2024",1402,,,hash table
"Jan. 21, 2024",1589,,,breadth-first search
"Jan. 21, 2024",2719,,,graph
"Jan. 20, 2024",766,,,array
"Jan. 20, 2024",1374,,,array
"Jan. 20, 2024",1833,,,array
"Jan. 20, 2024",2537,,,array
"Jan. 14, 2024",708,,,array
"Jan. 14, 2024",1379,,,two pointers
"Jan. 14, 2024",2021,,,two pointers
"Jan. 14, 2024",2304,,,binary search
"Jan. 7, 2024",566,,,array
"Jan. 7, 2024",1762,,,array
"Jan. 7, 2024",1896,,,array
"Jan. 7, 2024",3055,,,string
"Jan. 6, 2024",1004,,,array
"Jan. 6, 2024",1346,,,array
"Jan. 6, 2024",1730,,,dynamic programming
"Jan. 6, 2024",2349,,,math
"Dec. 31, 2023",668,,,array
"Dec. 31, 2023",1403,,,hash table
"Dec. 31, 2023",1742,,,hash table
"Dec. 31, 2023",2800,,,hash table
"Dec. 24, 2023",487,,,array
"Dec. 24, 2023",1866,,,array
"Dec. 24, 2023",1872,,,array
"Dec. 24, 2023",2721,,,array
"Dec. 23, 2023",1243,,,array
"Dec. 23, 2023",1354,,,array
"Dec. 23, 2023",2131,,,array
"Dec. 23, 2023",2267,,,dynamic programming
"Dec. 17, 2023",786,,,array
"Dec. 17, 2023",1238,,,array
"Dec. 17, 2023",2125,,,array
"Dec. 17, 2023",2458,,,array
"Dec. 10, 2023",596,,,array
"Dec. 10, 2023",1366,,,array
"Dec. 10, 2023",1676,,,array
"Dec. 10, 2023",1988,,,array
"Dec. 9, 2023",680,,,array
"Dec. 9, 2023",1317,,,string
"Dec. 9, 2023",1468,,,array
"Dec. 9, 2023",2088,,,bit manipulation
"Dec. 3, 2023",509,,,array
"Dec. 3, 2023",1760,,,array
"Dec. 3, 2023",2428,,,hash table
"Dec. 3, 2023",2640,,,array
"Nov. 26, 2023",1130,,,array
"Nov. 26, 2023",1237,,,string
"Nov. 26, 2023",2033,,,array
"Nov. 26, 2023",2459,,,hash table
"Nov. 25, 2023",614,,,array
"Nov. 25, 2023",1652,,,array
"Nov. 25, 2023",1688,,,array
"Nov. 25, 2023",2954,,,array
"Nov. 19, 2023",990,,,string
"Nov. 19, 2023",1215,,,two pointers
"Nov. 19, 2023",2125,,,math
"Nov. 19, 2023",2341,,,array
"Nov. 12, 2023",842,,,array
"Nov. 12, 2023",1426,,,array
"Nov. 12, 2023",1750,,,array
"Nov. 12, 2023",2345,,,array
"Nov. 11, 2023",945,,,math
"Nov. 11, 2023",1614,,,math
"Nov. 11, 2023",1758,,,array
"Nov. 11, 2023",2222,,,math
"Nov. 5, 2023",662,,,array
"Nov. 5, 2023",1323,,,graph
"Nov. 5, 2023",1938,,,dynamic programming
"Nov. 5, 2023",2469,,,array
"Oct. 29, 2023",1106,,,array
"Oct. 29, 2023",1388,,,array
"Oct. 29, 2023",2022,,,array
"Oct. 29, 2023",2370,,,array
"Oct. 28, 2023",927,,,array
"Oct. 28, 2023",1357,,,string
"Oct. 28, 2023",1605,,,array
"Oct. 28, 2023",2809,,,array
"Oct. 22, 2023",860,,,array
"Oct. 22, 2023",1379,,,array
"Oct. 22, 2023",2124,,,array
"Oct. 22, 2023",2617,,,two pointers
"Oct. 15, 2023",784,,,array
"Oct. 15, 2023",1413,,,string
"Oct. 15, 2023",1754,,,array
"Oct. 15, 2023",2104,,,array
"Oct. 14, 2023",987,,,array
"Oct. 14, 2023",1261,,,array
"Oct. 14, 2023",1861,,,array
"Oct. 14, 2023",2764,,,array
"Oct. 8, 2023",747,,,math
"Oct. 8, 2023",1256,,,array
"Oct. 8, 2023",2218,,,string
"Oct. 8, 2023",2309,,,array
"Oct. 1, 2023",904,,,array
"Oct. 1, 2023",1518,,,array
"Oct. 1, 2023",1908,,,array
"Oct. 1, 2023",2227,,,dynamic programming
"Sept. 30, 2023",891,,,array
"Sept. 30, 2023",1226,,,array
"Sept. 30, 2023",1726,,,array
"Sept. 30, 2023",1970,,,tree
"Sept. 24, 2023",818,,,math
"Sept. 24, 2023",1436,,,array
"Sept. 24, 2023",2077,,,array
"Sept. 24, 2023",2455,,,math
"Sept. 17, 2023",723,,,array
"Sept. 17, 2023",1572,,,array
"Sept. 17, 2023",1973,,,array
"Sept. 17, 2023",2299,,,array
"Sept. 16, 2023",1139,,,array
"Sept. 16, 2023",1706,,,array
"Sept. 16, 2023",2056,,,array
"Sept. 16, 2023",2280,,,dynamic programming
"Sept. 10, 2023",781,,,hash table
"Sept. 10, 2023",1413,,,math
"Sept. 10, 2023",1988,,,array
"Sept. 10, 2023",2881,,,math
"Sept. 3, 2023",877,,,math
"Sept. 3, 2023",1502,,,math
"Sept. 3, 2023",2078,,,array
"Sept. 3, 2023",2532,,,array
"Sept. 2, 2023",919,,,string
"Sept. 2, 2023",1357,,,hash table
"Sept. 2, 2023",1445,,,array
"Sept. 2, 2023",2086,,,hash table
"Aug. 27, 2023",928,,,counting
"Aug. 27, 2023",1222,,,math
"Aug. 27, 2023",2202,,,array
"Aug. 27, 2023",2782,,,array
"Aug. 20, 2023",679,,,array
"Aug. 20, 2023",1200,,,math
"Aug. 20, 2023",1844,,,array
"Aug. 20, 2023",1977,,,array
"Aug. 19, 2023",622,,,array
"Aug. 19, 2023",1311,,,two pointers
"Aug. 19, 2023",1701,,,array
"Aug. 19, 2023",2348,,,math
"Aug. 13, 2023",967,,,array
"Aug. 13, 2023",1210,,,linked list
"Aug. 13, 2023",1878,,,array
"Aug. 13, 2023",2423,,,array
"Aug. 6, 2023",725,,,string
"Aug. 6, 2023",1476,,,array
"Aug. 6, 2023",2157,,,array
"Aug. 6, 2023",2620,,,array
"Aug. 5, 2023",772,,,math
"Aug. 5, 2023",1034,,,linked list
"Aug. 5, 2023",1863,,,array
"Aug. 5, 2023",3008,,,array
"July 30, 2023",1454,,,
"July 30, 2023",1695,,,
"July 30, 2023",2089,,,
"July 30, 2023",2238,,,
"July 30, 2023",3140,,,
"July 30, 2023",607,,,array
"July 30, 2023",1303,,,array
"July 30, 2023",1851,,,string
"July 30, 2023",2388,,,string
"July 24, 2023",1350,,,
"July 24, 2023",1736,,,
"July 24, 2023",1737,,,
"July 24, 2023",2149,,,
"July 24, 2023",3288,,,
"July 23, 2023",809,,,array
"July 23, 2023",1392,,,array
"July 23, 2023",2641,,,array
"July 23, 2023",2699,,,dynamic programming
"July 22, 2023",1037,,,string
"July 22, 2023",1243,,,array
"July 22, 2023",1717,,,array
"July 22, 2023",1816,,,dynamic programming
"July 16, 2023",658,,,array
"July 16, 2023",1504,,,array
"July 16, 2023",1612,,,array
"July 16, 2023",2231,,,array
"July 15, 2023",1309,,,
"July 15, 2023",1748,,,
"July 15, 2023",1965,,,
"July 15, 2023",2428,,,
"July 15, 2023",2844,,,
"July 9, 2023",1457,,,
"July 9, 2023",1577,,,
"July 9, 2023",1678,,,
"July 9, 2023",1839,,,
"July 9, 2023",2330,,,
"July 9, 2023",762,,,math
"July 9, 2023",1476,,,array
"July 9, 2023",1781,,,array
"July 9, 2023",2040,,,array
"July 8, 2023",1105,,,array
"July 8, 2023",1264,,,array
"July 8, 2023",1718,,,hash table
"July 8, 2023",2036,,,array
"July 2, 2023",1212,,,array
"July 2, 2023",1378,,,array
"July 2, 2023",1933,,,array
"July 2, 2023",2296,,,array
"June 25, 2023",982,,,array
"June 25, 2023",1535,,,array
"June 25, 2023",2103,,,array
"June 25, 2023",2157,,,bit manipulation
"June 24, 2023",667,,,array
"June 24, 2023",1386,,,math
"June 24, 2023",2043,,,array
"June 24, 2023",2264,,,array
"June 18, 2023",959,,,math
"June 18, 2023",1081,,,array
"June 18, 2023",2030,,,array
"June 18, 2023",2447,,,array
"June 11, 2023",702,,,array
"June 11, 2023",1325,,,string
"June 11, 2023",2062,,,array
"June 11, 2023",2574,,,array
"June 10, 2023",819,,,hash table
"June 10, 2023",1431,,,string
"June 10, 2023",1934,,,array
"June 10, 2023",2254,,,array
"June 4, 2023",902,,,hash table
"June 4, 2023",1064,,,array
"June 4, 2023",1756,,,array
"June 4, 2023",2383,,,math
"May 28, 2023",708,,,string
"May 28, 2023",1349,,,array
"May 28, 2023",1792,,,string
"May 28, 2023",2414,,,array
"May 27, 2023",832,,,array
"May 27, 2023",1432,,,array
"May 27, 2023",1720,,,array
"May 27, 2023",2187,,,array
"May 21, 2023",940,,,string
"May 21, 2023",1022,,,two pointers
"May 21, 2023",1637,,,math
"May 21, 2023",2911,,,graph
"May 14, 2023",1116,,,array
"May 14, 2023",1395,,,array
"May 14, 2023",1550,,,array
"May 14, 2023",1732,,,depth-first search
"May 13, 2023",764,,,array
"May 13, 2023",1174,,,array
"May 13, 2023",1915,,,array
"May 13, 2023",2071,,,array
"May 7, 2023",874,,,array
"May 7, 2023",1416,,,hash table
"May 7, 2023",1678,,,array
"May 7, 2023",1920,,,array
"April 30, 2023",711,,,array
"April 30, 2023",1380,,,array
"April 30, 2023",2229,,,array
"April 30, 2023",2477,,,string
"April 29, 2023",695,,,array
"April 29, 2023",1090,,,array
"April 29, 2023",1413,,,array
"April 29, 2023",2307,,,array
"April 23, 2023",699,,,math
"April 23, 2023",786,,,math
"April 23, 2023",1772,,,array
"April 23, 2023",1936,,,array
"April 16, 2023",777,,,array
"April 16, 2023",1055,,,array
"April 16, 2023",1409,,,string
"April 16, 2023",2265,,,graph
"April 15, 2023",911,,,array
"April 15, 2023",1035,,,array
"April 15, 2023",1629,,,hash table
"April 15, 2023",1795,,,graph
"April 9, 2023",1054,,,array
"April 9, 2023",1743,,,array
"April 9, 2023",2149,,,array
"April 9, 2023",2605,,,array
"April 2, 2023",1077,,,string
"April 2, 2023",1145,,,array
"April 2, 2023",1622,,,array
"April 2, 2023",2860,,,array
"April 1, 2023",755,,,array
"April 1, 2023",1294,,,array
"April 1, 2023",1926,,,breadth-first search
"April 1, 2023",2087,,,array
"March 26, 2023",557,,,math
"March 26, 2023",1467,,,array
"March 26, 2023",1667,,,array
"March 26, 2023",2672,,,array
"March 19, 2023",772,,,bit manipulation
"March 19, 2023",1353,,,array
"March 19, 2023",1847,,,array
"March 19, 2023",2041,,,array
"March 18, 2023",1327,,,math
"March 18, 2023",1410,,,array
"March 18, 2023",1566,,,array
"March 18, 2023",1885,,,array
"March 12, 2023",792,,,array
"March 12, 2023",1207,,,array
"March 12, 2023",1690,,,array
"March 12, 2023",2413,,,array
"March 5, 2023",968,,,math
"March 5, 2023",1214,,,tree
"March 5, 2023",1930,,,array
"March 5, 2023",2197,,,array
"March 4, 2023",1025,,,math
"March 4, 2023",1047,,,math
"March 4, 2023",1561,,,array
"March 4, 2023",2246,,,hash table
"Feb. 26, 2023",671,,,array
"Feb. 26, 2023",1479,,,array
"Feb. 26, 2023",1842,,,array
"Feb. 26, 2023",2399,,,array
"Feb. 19, 2023",849,,,array
"Feb. 19, 2023",1601,,,dynamic programming
"Feb. 19, 2023",2429,,,array
"Feb. 19, 2023",2712,,,array
"Feb. 18, 2023",939,,,math
"Feb. 18, 2023",1488,,,array
"Feb. 18, 2023",1689,,,array
"Feb. 18, 2023",2394,,,array
"Feb. 12, 2023",766,,,array
"Feb. 12, 2023",1688,,,array
"Feb. 12, 2023",1954,,,array
"Feb. 12, 2023",2459,,,two pointers
"Feb. 5, 2023",923,,,array
"Feb. 5, 2023",1305,,,array
"Feb. 5, 2023",2104,,,array
"Feb. 5, 2023",2253,,,array
"Feb. 4, 2023",735,,,array
"Feb. 4, 2023",1156,,,array
"Feb. 4, 2023",2089,,,array
"Feb. 4, 2023",2394,,,array
"Jan. 29, 2023",730,,,array
"Jan. 29, 2023",1616,,,math
"Jan. 29, 2023",2049,,,array
"Jan. 29, 2023",2450,,,array
"Jan. 22, 2023",810,,,math
"Jan. 22, 2023",1135,,,array
"Jan. 22, 2023",1578,,,string
"Jan. 22, 2023",2045,,,array
"Jan. 21, 2023",889,,,array
"Jan. 21, 2023",1571,,,array
"Jan. 21, 2023",2059,,,array
"Jan. 21, 2023",2230,,,math
"Jan. 15, 2023",618,,,array
"Jan. 15, 2023",1528,,,array
"Jan. 15, 2023",1882,,,array
"Jan. 15, 2023",2420,,,array
"Jan. 8, 2023",787,,,array
"Jan. 8, 2023",1272,,,array
"Jan. 8, 2023",1767,,,hash table
"Jan. 8, 2023",2615,,,array
"Jan. 7, 2023",932,,,math
"Jan. 7, 2023",1301,,,hash table
"Jan. 7, 2023",1469,,,array
"Jan. 7, 2023",2251,,,array
"Jan. 1, 2023",643,,,math
"Jan. 1, 2023",1235,,,array
"Jan. 1, 2023",1530,,,string
"Jan. 1, 2023",1591,,,math
"Dec. 25, 2022",902,,,array
"Dec. 25, 2022",1923,,,hash table
"Dec. 25, 2022",2010,,,array
"Dec. 25, 2022",2433,,,array
"Dec. 24, 2022",1109,,,array
"Dec. 24, 2022",1513,,,array
"Dec. 24, 2022",2049,,,hash table
"Dec. 24, 2022",2299,,,math
"Dec. 18, 2022",908,,,array
"Dec. 18, 2022",1356,,,math
"Dec. 18, 2022",1934,,,tree
"Dec. 18, 2022",2059,,,hash table
"Dec. 11, 2022",806,,,array
"Dec. 11, 2022",1334,,,array
"Dec. 11, 2022",1708,,,array
"Dec. 11, 2022",2209,,,array
"Dec. 10, 2022",786,,,array
"Dec. 10, 2022",1624,,,array
"Dec. 10, 2022",1719,,,array
"Dec. 10, 2022",2632,,,array
"Dec. 4, 2022",925,,,string
"Dec. 4, 2022",1103,,,array
"Dec. 4, 2022",1638,,,depth-first search
"Dec. 4, 2022",2440,,,breadth-first search
"Nov. 27, 2022",828,,,math
"Nov. 27, 2022",1225,,,two pointers
"Nov. 27, 2022",1370,,,linked list
"Nov. 27, 2022",2010,,,array
"Nov. 26, 2022",785,,,math
"Nov. 26, 2022",1192,,,array
"Nov. 26, 2022",1393,,,string
"Nov. 26, 2022",2235,,,string
"Nov. 20, 2022",809,,,array
"Nov. 20, 2022",1535,,,array
"Nov. 20, 2022",2018,,,tree
"Nov. 20, 2022",2374,,,string
"Nov. 13, 2022",611,,,math
"Nov. 13, 2022",1516,,,array
"Nov. 13, 2022",1604,,,tree
"Nov. 13, 2022",2021,,,string
"Nov. 12, 2022",794,,,array
"Nov. 12, 2022",1645,,,dynamic programming
"Nov. 12, 2022",2044,,,array
"Nov. 12, 2022",2399,,,string
"Nov. 6, 2022",797,,,array
"Nov. 6, 2022",1487,,,array
"Nov. 6, 2022",1744,,,array
"Nov. 6, 2022",2488,,,array
"Oct. 30, 2022",635,,,array
"Oct. 30, 2022",1492,,,array
"Oct. 30, 2022",1659,,,math
"Oct. 30, 2022",2328,,,array
"Oct. 29, 2022",1084,,,hash table
"Oct. 29, 2022",1234,,,array
"Oct. 29, 2022",1705,,,array
"Oct. 29, 2022",2177,,,array
"Oct. 23, 2022",981,,,array
"Oct. 23, 2022",1559,,,array
"Oct. 23, 2022",2027,,,array
"Oct. 23, 2022",2084,,,array
"Oct. 16, 2022",752,,,array
"Oct. 16, 2022",983,,,array
"Oct. 16, 2022",1241,,,math
"Oct. 16, 2022",2119,,,array
"Oct. 15, 2022",1062,,,string
"Oct. 15, 2022",1477,,,array
"Oct. 15, 2022",1929,,,array
"Oct. 15, 2022",2481,,,array
"Oct. 9, 2022",903,,,array
"Oct. 9, 2022",1187,,,array
"Oct. 9, 2022",1953,,,array
"Oct. 9, 2022",1958,,,hash table
"Oct. 2, 2022",729,,,math
"Oct. 2, 2022",1121,,,array
"Oct. 2, 2022",1483,,,greedy
"Oct. 2, 2022",2124,,,string
"Oct. 1, 2022",1456,,,binary search
"Oct. 1, 2022",1491,,,array
"Oct. 1, 2022",1530,,,hash table
"Oct. 1, 2022",2019,,,array
"Sept. 25, 2022",743,,,array
"Sept. 25, 2022",1429,,,array
"Sept. 25, 2022",1674,,,array
"Sept. 25, 2022",2479,,,array
"Sept. 18, 2022",679,,,math
"Sept. 18, 2022",1013,,,string
"Sept. 18, 2022",1369,,,tree
"Sept. 18, 2022",1723,,,array
"Sept. 17, 2022",1036,,,array
"Sept. 17, 2022",1426,,,math
"Sept. 17, 2022",1910,,,array
"Sept. 17, 2022",2096,,,array
"Sept. 11, 2022",888,,,array
"Sept. 11, 2022",1169,,,hash table
"Sept. 11, 2022",1689,,,array
"Sept. 11, 2022",2307,,,array
"Sept. 4, 2022",556,,,array
"Sept. 4, 2022",1727,,,math
"Sept. 4, 2022",1741,,,array
"Sept. 4, 2022",2110,,,array
"Sept. 3, 2022",706,,,array
"Sept. 3, 2022",1091,,,math
"Sept. 3, 2022",1686,,,array
"Sept. 3, 2022",1939,,,array
"Aug. 28, 2022",1049,,,string
"Aug. 28, 2022",1160,,,array
"Aug. 28, 2022",1299,,,array
"Aug. 28, 2022",1961,,,array
"Aug. 21, 2022",1165,,,array
"Aug. 21, 2022",1521,,,hash table
"Aug. 21, 2022",1634,,,tree
"Aug. 21, 2022",2684,,,array
"Aug. 20, 2022",986,,,string
"Aug. 20, 2022",1312,,,string
"Aug. 20, 2022",1749,,,array
"Aug. 20, 2022",2144,,,array
"Aug. 14, 2022",938,,,array
"Aug. 14, 2022",1217,,,hash table
"Aug. 14, 2022",1584,,,string
"Aug. 14, 2022",2139,,,math
"Aug. 7, 2022",633,,,array
"Aug. 7, 2022",1395,,,array
"Aug. 7, 2022",1773,,,array
"Aug. 7, 2022",1835,,,hash table
"Aug. 6, 2022",611,,,array
"Aug. 6, 2022",1563,,,array
"Aug. 6, 2022",1566,,,array
"Aug. 6, 2022",2067,,,array
"July 31, 2022",618,,,array
"July 31, 2022",1422,,,array
"July 31, 2022",1692,,,depth-first search
"July 31, 2022",1907,,,depth-first search
"July 24, 2022",557,,,hash table
"July 24, 2022",1152,,,array
"July 24, 2022",1781,,,hash table
"July 24, 2022",2101,,,array
"July 23, 2022",1046,,,array
"July 23, 2022",1056,,,array
"July 23, 2022",1439,,,hash table
"July 23, 2022",1953,,,array
"July 17, 2022",591,,,array
"July 17, 2022",1129,,,array
"July 17, 2022",1621,,,array
"July 17, 2022",1643,,,array
"July 10, 2022",1059,,,array
"July 10, 2022",1106,,,hash table
"July 10, 2022",1770,,,two pointers
"July 10, 2022",2635,,,math
"July 9, 2022",560,,,tree
"July 9, 2022",1821,,,array
"July 9, 2022",2012,,,array
"July 9, 2022",2398,,,array
"July 3, 2022",712,,,hash table
"July 3, 2022",1268,,,array
"July 3, 2022",1888,,,dynamic programming
"July 3, 2022",2011,,,array
"June 26, 2022",567,,,array
"June 26, 2022",1568,,,dynamic programming
"June 26, 2022",1782,,,dynamic programming
"June 26, 2022",2435,,,array
"June 25, 2022",549,,,string
"June 25, 2022",1551,,,depth-first search
"June 25, 2022",1643,,,array
"June 25, 2022",2111,,,dynamic programming
"June 19, 2022",823,,,hash table
"June 19, 2022",1485,,,math
"June 19, 2022",1834,,,string
"June 19, 2022",2402,,,array
"June 12, 2022",664,,,array
"June 12, 2022",1612,,,dynamic programming
"June 12, 2022",1893,,,backtracking
"June 12, 2022",2346,,,array
"June 11, 2022",617,,,string
"June 11, 2022",1387,,,array
"June 11, 2022",1810,,,array
"June 11, 2022",1871,,,array
"June 5, 2022",751,,,array
"June 5, 2022",1289,,,array
"June 5, 2022",1337,,,array
"June 5, 2022",1943,,,linked list
"May 29, 2022",746,,,hash table
"May 29, 2022",1503,,,string
"May 29, 2022",2157,,,array
"May 29, 2022",2513,,,array
"May 28, 2022",649,,,hash table
"May 28, 2022",1176,,,array
"May 28, 2022",1428,,,greedy
"May 28, 2022",2605,,,binary search
"May 22, 2022",599,,,string
"May 22, 2022",1033,,,array
"May 22, 2022",1688,,,array
"May 22, 2022",2655,,,array
"May 15, 2022",885,,,array
"May 15, 2022",1059,,,array
"May 15, 2022",1589,,,array
"May 15, 2022",2243,,,design
"May 14, 2022",759,,,math
"May 14, 2022",1046,,,array
"May 14, 2022",2030,,,array
"May 14, 2022",2549,,,array
"May 8, 2022",639,,,string
"May 8, 2022",1237,,,tree
"May 8, 2022",1766,,,hash table
"May 8, 2022",2095,,,array
"May 1, 2022",973,,,string
"May 1, 2022",1118,,,array
"May 1, 2022",1694,,,array
"May 1, 2022",2048,,,hash table
"April 30, 2022",572,,,array
"April 30, 2022",1216,,,array
"April 30, 2022",1673,,,array
"April 30, 2022",2370,,,array
"April 24, 2022",650,,,array
"April 24, 2022",1522,,,array
"April 24, 2022",1999,,,array
"April 24, 2022",2029,,,array
"April 17, 2022",888,,,string
"April 17, 2022",1168,,,array
"April 17, 2022",2055,,,array
"April 17, 2022",2150,,,array
"April 16, 2022",669,,,array
"April 16, 2022",1225,,,math
"April 16, 2022",1553,,,array
"April 16, 2022",2366,,,array
"April 10, 2022",873,,,sorting
"April 10, 2022",1512,,,string
"April 10, 2022",1627,,,array
"April 10, 2022",2601,,,array
"April 3, 2022",948,,,string
"April 3, 2022",1048,,,array
"April 3, 2022",1604,,,array
"April 3, 2022",1953,,,array
"April 2, 2022",826,,,bit manipulation
"April 2, 2022",1003,,,array
"April 2, 2022",1611,,,string
"April 2, 2022",2248,,,string
"March 27, 2022",584,,,array
"March 27, 2022",1440,,,array
"March 27, 2022",1817,,,array
"March 27, 2022",2176,,,array
"March 20, 2022",814,,,array
"March 20, 2022",1467,,,string
"March 20, 2022",1846,,,array
"March 20, 2022",2658,,,array
"March 19, 2022",494,,,array
"March 19, 2022",1484,,,string
"March 19, 2022",1489,,,array
"March 19, 2022",2130,,,string
"March 13, 2022",699,,,array
"March 13, 2022",1457,,,array
"March 13, 2022",1684,,,array
"March 13, 2022",2414,,,graph
"March 6, 2022",640,,,string
"March 6, 2022",1606,,,array
"March 6, 2022",1623,,,array
"March 6, 2022",2081,,,array
"March 5, 2022",984,,,array
"March 5, 2022",1368,,,array
"March 5, 2022",1764,,,depth-first search
"March 5, 2022",2111,,,two pointers
"Feb. 27, 2022",579,,,array
"Feb. 27, 2022",1033,,,hash table
"Feb. 27, 2022",1651,,,array
"Feb. 27, 2022",2360,,,array
"Feb. 20, 2022",889,,,math
"Feb. 20, 2022",1155,,,linked list
"Feb. 20, 2022",1665,,,string
"Feb. 20, 2022",2274,,,array
"Feb. 19, 2022",654,,,array
"Feb. 19, 2022",928,,,math
"Feb. 19, 2022",1469,,,math
"Feb. 19, 2022",2290,,,array
"Feb. 13, 2022",377,,,math
"Feb. 13, 2022",1730,,,array
"Feb. 13, 2022",1766,,,array
"Feb. 13, 2022",2443,,,array
"Feb. 6, 2022",688,,,array
"Feb. 6, 2022",1168,,,math
"Feb. 6, 2022",1731,,,array
"Feb. 6, 2022",2242,,,string
"Feb. 5, 2022",842,,,math
"Feb. 5, 2022",996,,,array
"Feb. 5, 2022",1795,,,math
"Feb. 5, 2022",2225,,,array
"Jan. 30, 2022",507,,,array
"Jan. 30, 2022",1233,,,array
"Jan. 30, 2022",2077,,,string
"Jan. 30, 2022",2489,,,string
"Jan. 23, 2022",755,,,array
"Jan. 23, 2022",979,,,array
"Jan. 23, 2022",1102,,,array
"Jan. 23, 2022",2007,,,array
"Jan. 22, 2022",494,,,array
"Jan. 22, 2022",1566,,,array
"Jan. 22, 2022",1831,,,array
"Jan. 22, 2022",1918,,,math
"Jan. 16, 2022",658,,,string
"Jan. 16, 2022",1248,,,math
"Jan. 16, 2022",1665,,,array
"Jan. 16, 2022",2296,,,array
"Jan. 9, 2022",681,,,array
"Jan. 9, 2022",1733,,,array
"Jan. 9, 2022",1818,,,array
"Jan. 9, 2022",2056,,,array
"Jan. 8, 2022",794,,,string
"Jan. 8, 2022",1039,,,linked list
"Jan. 8, 2022",1485,,,array
"Jan. 8, 2022",2440,,,array
"Jan. 2, 2022",550,,,string
"Jan. 2, 2022",1040,,,array
"Jan. 2, 2022",1168,,,array
"Jan. 2, 2022",2490,,,depth-first search
"Dec. 26, 2021",490,,,math
"Dec. 26, 2021",1264,,,string
"Dec. 26, 2021",1749,,,array
"Dec. 26, 2021",2190,,,array
"Dec. 25, 2021",415,,,array
"Dec. 25, 2021",1635,,,array
"Dec. 25, 2021",2047,,,string
"Dec. 25, 2021",2509,,,math
"Dec. 19, 2021",543,,,array
"Dec. 19, 2021",1097,,,array
"Dec. 19, 2021",1286,,,array
"Dec. 19, 2021",1953,,,array
"Dec. 12, 2021",686,,,hash table
"Dec. 12, 2021",1419,,,array
"Dec. 12, 2021",1428,,,array
"Dec. 12, 2021",2080,,,array
"Dec. 11, 2021",776,,,array
"Dec. 11, 2021",1591,,,array
"Dec. 11, 2021",1829,,,array
"Dec. 11, 2021",2155,,,design
"Dec. 5, 2021",887,,,linked list
"Dec. 5, 2021",1283,,,array
"Dec. 5, 2021",1780,,,string
"Dec. 5, 2021",2711,,,depth-first search
"Nov. 28, 2021",531,,,array
"Nov. 28, 2021",1280,,,array
"Nov. 28, 2021",1294,,,array
"Nov. 28, 2021",2058,,,depth-first search
"Nov. 27, 2021",571,,,array
"Nov. 27, 2021",1538,,,string
"Nov. 27, 2021",1698,,,array
"Nov. 27, 2021",2109,,,array
"Nov. 21, 2021",723,,,array
"Nov. 21, 2021",1108,,,array
"Nov. 21, 2021",1673,,,array
"Nov. 21, 2021",2233,,,math
"Nov. 14, 2021",703,,,array
"Nov. 14, 2021",1628,,,linked list
"Nov. 14, 2021",1724,,,string
"Nov. 14, 2021",2144,,,union find
"Nov. 13, 2021",434,,,hash table
"Nov. 13, 2021",1683,,,array
"Nov. 13, 2021",1918,,,design
"Nov. 13, 2021",2771,,,array
"Nov. 7, 2021",959,,,hash table
"Nov. 7, 2021",1536,,,math
"Nov. 7, 2021",1826,,,array
"Nov. 7, 2021",2200,,,array
"Oct. 31, 2021",474,,,array
"Oct. 31, 2021",1141,,,linked list
"Oct. 31, 2021",1868,,,array
"Oct. 31, 2021",2863,,,string
"Oct. 30, 2021",421,,,array
"Oct. 30, 2021",1855,,,array
"Oct. 30, 2021",1929,,,array
"Oct. 30, 2021",2637,,,array
"Oct. 24, 2021",1024,,,string
"Oct. 24, 2021",1631,,,math
"Oct. 24, 2021",1867,,,array
"Oct. 24, 2021",2082,,,dynamic programming
"Oct. 17, 2021",662,,,string
"Oct. 17, 2021",1160,,,array
"Oct. 17, 2021",1499,,,array
"Oct. 17, 2021",2283,,,breadth-first search
"Oct. 16, 2021",748,,,array
"Oct. 16, 2021",1252,,,math
"Oct. 16, 2021",1826,,,array
"Oct. 16, 2021",2548,,,array
"Oct. 10, 2021",618,,,array
"Oct. 10, 2021",1661,,,array
"Oct. 10, 2021",1811,,,hash table
"Oct. 10, 2021",2525,,,array
"Oct. 3, 2021",877,,,string
"Oct. 3, 2021",1239,,,array
"Oct. 3, 2021",2327,,,array
"Oct. 3, 2021",2592,,,string
"Oct. 2, 2021",770,,,array
"Oct. 2, 2021",988,,,array
"Oct. 2, 2021",1589,,,string
"Oct. 2, 2021",2233,,,array
"Sept. 26, 2021",433,,,array
"Sept. 26, 2021",1730,,,array
"Sept. 26, 2021",1955,,,array
"Sept. 26, 2021",2617,,,array
"Sept. 19, 2021",399,,,array
"Sept. 19, 2021",1421,,,array
"Sept. 19, 2021",1846,,,array
"Sept. 19, 2021",2626,,,string
"Sept. 18, 2021",470,,,array
"Sept. 18, 2021",1460,,,array
"Sept. 18, 2021",1861,,,array
"Sept. 18, 2021",2087,,,array
"Sept. 12, 2021",471,,,two pointers
"Sept. 12, 2021",1326,,,array
"Sept. 12, 2021",1868,,,string
"Sept. 12, 2021",2461,,,dynamic programming
"Sept. 5, 2021",620,,,array
"Sept. 5, 2021",1826,,,array
"Sept. 5, 2021",2279,,,array
"Sept. 5, 2021",2459,,,array
"Sept. 4, 2021",525,,,array
"Sept. 4, 2021",1429,,,array
"Sept. 4, 2021",1840,,,hash table
"Sept. 4, 2021",2507,,,array
"Aug. 29, 2021",911,,,array
"Aug. 29, 2021",1239,,,array
"Aug. 29, 2021",2121,,,array
"Aug. 29, 2021",2461,,,string
"Aug. 22, 2021",543,,,array
"Aug. 22, 2021",1214,,,array
"Aug. 22, 2021",1994,,,array
"Aug. 22, 2021",2921,,,array
"Aug. 21, 2021",674,,,string
"Aug. 21, 2021",1548,,,array
"Aug. 21, 2021",2122,,,dynamic programming
"Aug. 21, 2021",2828,,,string
"Aug. 15, 2021",613,,,string
"Aug. 15, 2021",1484,,,array
"Aug. 15, 2021",1972,,,math
"Aug. 15, 2021",2142,,,array
"Aug. 8, 2021",715,,,array
"Aug. 8, 2021",1296,,,array
"Aug. 8, 2021",1665,,,two pointers
"Aug. 8, 2021",1946,,,array
"Aug. 7, 2021",561,,,string
"Aug. 7, 2021",1579,,,array
"Aug. 7, 2021",2323,,,array
"Aug. 7, 2021",2737,,,string
"Aug. 1, 2021",547,,,math
"Aug. 1, 2021",1752,,,math
"Aug. 1, 2021",1791,,,array
"Aug. 1, 2021",2139,,,array
"July 25, 2021",590,,,string
"July 25, 2021",1318,,,array
"July 25, 2021",1678,,,array
"July 25, 2021",2666,,,array
"July 24, 2021",346,,,hash table
"July 24, 2021",1662,,,array
"July 24, 2021",1989,,,array
"July 24, 2021",2116,,,array
"July 18, 2021",686,,,hash table
"July 18, 2021",1110,,,array
"July 18, 2021",2124,,,array
"July 18, 2021",2547,,,array
"July 11, 2021",337,,,array
"July 11, 2021",1486,,,hash table
"July 11, 2021",2203,,,dynamic programming
"July 11, 2021",2563,,,hash table
"July 10, 2021",694,,,math
"July 10, 2021",1566,,,array
"July 10, 2021",2118,,,math
"July 10, 2021",2449,,,dynamic programming
"July 4, 2021",461,,,array
"July 4, 2021",1468,,,array
"July 4, 2021",1651,,,math
"July 4, 2021",2709,,,array
"June 27, 2021",348,,,array
"June 27, 2021",1751,,,array
"June 27, 2021",2259,,,hash table
"June 27, 2021",2528,,,math
"June 26, 2021",1130,,,array
"June 26, 2021",1362,,,string
"June 26, 2021",1741,,,array
"June 26, 2021",2197,,,array
"June 20, 2021",539,,,math
"June 20, 2021",1637,,,array
"June 20, 2021",2073,,,math
"June 20, 2021",2169,,,array
"June 13, 2021",670,,,hash table
"June 13, 2021",1573,,,array
"June 13, 2021",1915,,,array
"June 13, 2021",2495,,,dynamic programming
"June 12, 2021",930,,,array
"June 12, 2021",1077,,,array
"June 12, 2021",1771,,,array
"June 12, 2021",2562,,,math
"June 6, 2021",1128,,,array
"June 6, 2021",1191,,,array
"June 6, 2021",2009,,,greedy
"June 6, 2021",2240,,,binary search
"May 30, 2021",704,,,string
"May 30, 2021",1252,,,greedy
"May 30, 2021",2001,,,array
"May 30, 2021",2646,,,dynamic programming
"May 29, 2021",706,,,string
"May 29, 2021",984,,,greedy
"May 29, 2021",1900,,,array
"May 29, 2021",2166,,,dynamic programming
"May 23, 2021",805,,,string
"May 23, 2021",1778,,,binary search
"May 23, 2021",1954,,,string
"May 23, 2021",2489,,,dynamic programming
"May 16, 2021",1010,,,backtracking
"May 16, 2021",1507,,,greedy
"May 16, 2021",1624,,,hash table
"May 16, 2021",2366,,,dynamic programming
"May 15, 2021",776,,,string
"May 15, 2021",1176,,,simulation
"May 15, 2021",1449,,,array
"May 15, 2021",2317,,,math
"May 9, 2021",920,,,array
"May 9, 2021",1396,,,two pointers
"May 9, 2021",2065,,,array
"May 9, 2021",2354,,,dynamic programming
"May 2, 2021",401,,,array
"May 2, 2021",1787,,,string
"May 2, 2021",2102,,,string
"May 2, 2021",2317,,,line sweep
"May 1, 2021",600,,,string
"May 1, 2021",1302,,,greedy
"May 1, 2021",1319,,,design
"May 1, 2021",2096,,,binary search
"April 25, 2021",688,,,math
"April 25, 2021",1576,,,string
"April 25, 2021",1873,,,greedy
"April 25, 2021",2441,,,array
"April 24, 2021",—,,,
"April 24, 2021",—,,,
"April 24, 2021",—,,,
"April 24, 2021",—,,,
"April 18, 2021",548,,,string
"April 18, 2021",1020,,,array
"April 18, 2021",1815,,,math
"April 18, 2021",1839,,,array
"April 17, 2021",—,,,
"April 17, 2021",—,,,
"April 17, 2021",—,,,
"April 17, 2021",—,,,
"April 17, 2021",561,,,array
"April 17, 2021",1068,,,math
"April 17, 2021",1391,,,bit manipulation
"April 17, 2021",2663,,,math
"April 11, 2021",1004,,,math
"April 11, 2021",1004,,,array
"April 11, 2021",1004,,,dynamic programming
"April 11, 2021",2027,,,design
"April 10, 2021",—,,,
"April 10, 2021",—,,,
"April 10, 2021",—,,,
"April 10, 2021",—,,,
"April 4, 2021",500,,,string
"April 4, 2021",1184,,,hash table
"April 4, 2021",1943,,,binary search
"April 4, 2021",2587,,,math
"April 3, 2021",—,,,
"April 3, 2021",—,,,
"April 3, 2021",—,,,
"April 3, 2021",—,,,
"April 3, 2021",472,,,string
"April 3, 2021",1698,,,array
"April 3, 2021",1786,,,string
"April 3, 2021",2627,,,dynamic programming
"March 28, 2021",1277,,,string
"March 28, 2021",1320,,,hash table
"March 28, 2021",1342,,,array
"March 28, 2021",2084,,,math
"March 27, 2021",—,,,
"March 27, 2021",—,,,
"March 27, 2021",—,,,
"March 27, 2021",—,,,
"March 21, 2021",386,,,array
"March 21, 2021",1689,,,array
"March 21, 2021",1942,,,binary search
"March 21, 2021",2552,,,trie
"March 20, 2021",—,,,
"March 20, 2021",—,,,
"March 20, 2021",—,,,
"March 20, 2021",—,,,
"March 20, 2021",661,,,string
"March 20, 2021",1398,,,hash table
"March 20, 2021",1913,,,greedy
"March 20, 2021",2109,,,dynamic programming
"March 14, 2021",883,,,graph
"March 14, 2021",1151,,,string
"March 14, 2021",1828,,,array
"March 14, 2021",1954,,,array
"March 13, 2021",—,,,
"March 13, 2021",—,,,
"March 13, 2021",—,,,
"March 13, 2021",—,,,
"March 7, 2021",711,,,string
"March 7, 2021",1323,,,greedy
"March 7, 2021",2104,,,dynamic programming
"March 7, 2021",2704,,,dynamic programming
"March 6, 2021",—,,,
"March 6, 2021",—,,,
"March 6, 2021",—,,,
"March 6, 2021",—,,,
"March 6, 2021",726,,,array
"March 6, 2021",1331,,,math
"March 6, 2021",1593,,,hash table
"March 6, 2021",2500,,,graph
"Feb. 28, 2021",497,,,array
"Feb. 28, 2021",1840,,,array
"Feb. 28, 2021",1849,,,greedy
"Feb. 28, 2021",2570,,,math
"Feb. 27, 2021",—,,,
"Feb. 27, 2021",—,,,
"Feb. 27, 2021",—,,,
"Feb. 27, 2021",—,,,
"Feb. 21, 2021",558,,,string
"Feb. 21, 2021",1126,,,array
"Feb. 21, 2021",2090,,,dynamic programming
"Feb. 21, 2021",2212,,,dynamic programming
"Feb. 20, 2021",—,,,
"Feb. 20, 2021",—,,,
"Feb. 20, 2021",—,,,
"Feb. 20, 2021",—,,,
"Feb. 20, 2021",1149,,,string
"Feb. 20, 2021",1355,,,array
"Feb. 20, 2021",1698,,,breadth-first search
"Feb. 20, 2021",2247,,,math
"Feb. 14, 2021",889,,,string
"Feb. 14, 2021",1362,,,string
"Feb. 14, 2021",1944,,,binary search
"Feb. 14, 2021",2004,,,graph
"Feb. 13, 2021",—,,,
"Feb. 13, 2021",—,,,
"Feb. 13, 2021",—,,,
"Feb. 13, 2021",—,,,
"Feb. 7, 2021",1216,,,array
"Feb. 7, 2021",1362,,,math
"Feb. 7, 2021",1818,,,greedy
"Feb. 7, 2021",2407,,,array
"Feb. 6, 2021",—,,,
"Feb. 6, 2021",—,,,
"Feb. 6, 2021",—,,,
"Feb. 6, 2021",—,,,
"Feb. 6, 2021",420,,,array
"Feb. 6, 2021",1437,,,two pointers
"Feb. 6, 2021",1490,,,array
"Feb. 6, 2021",2057,,,binary search
"Jan. 31, 2021",704,,,hash table
"Jan. 31, 2021",1507,,,array
"Jan. 31, 2021",1850,,,array
"Jan. 31, 2021",1932,,,string
"Jan. 30, 2021",—,,,
"Jan. 30, 2021",—,,,
"Jan. 30, 2021",—,,,
"Jan. 30, 2021",—,,,
"Jan. 24, 2021",698,,,string
"Jan. 24, 2021",1664,,,divide and conquer
"Jan. 24, 2021",1974,,,hash table
"Jan. 24, 2021",2233,,,greedy
"Jan. 23, 2021",—,,,
"Jan. 23, 2021",—,,,
"Jan. 23, 2021",—,,,
"Jan. 23, 2021",—,,,
"Jan. 23, 2021",360,,,prefix sum
"Jan. 23, 2021",2010,,,array
"Jan. 23, 2021",2055,,,array
"Jan. 23, 2021",2529,,,array
"Jan. 17, 2021",538,,,array
"Jan. 17, 2021",1454,,,array
"Jan. 17, 2021",1935,,,greedy
"Jan. 17, 2021",2868,,,dynamic programming
"Jan. 16, 2021",—,,,
"Jan. 16, 2021",—,,,
"Jan. 16, 2021",—,,,
"Jan. 16, 2021",—,,,
"Jan. 10, 2021",856,,,bit manipulation
"Jan. 10, 2021",1204,,,linked list
"Jan. 10, 2021",1888,,,depth-first search
"Jan. 10, 2021",2323,,,backtracking
"Jan. 9, 2021",—,,,
"Jan. 9, 2021",—,,,
"Jan. 9, 2021",—,,,
"Jan. 9, 2021",—,,,
"Jan. 9, 2021",441,,,math
"Jan. 9, 2021",1849,,,greedy
"Jan. 9, 2021",2085,,,backtracking
"Jan. 9, 2021",3063,,,tree
"Jan. 3, 2021",629,,,greedy
"Jan. 3, 2021",1773,,,array
"Jan. 3, 2021",2096,,,two pointers
"Jan. 3, 2021",2387,,,greedy
"Jan. 2, 2021",—,,,
"Jan. 2, 2021",—,,,
"Jan. 2, 2021",—,,,
"Jan. 2, 2021",—,,,
"Dec. 27, 2020",546,,,string
"Dec. 27, 2020",1740,,,array
"Dec. 27, 2020",1933,,,greedy
"Dec. 27, 2020",2388,,,bit manipulation
"Dec. 26, 2020",—,,,
"Dec. 26, 2020",—,,,
"Dec. 26, 2020",—,,,
"Dec. 26, 2020",—,,,
"Dec. 26, 2020",960,,,array
"Dec. 26, 2020",1116,,,array
"Dec. 26, 2020",1782,,,greedy
"Dec. 26, 2020",2489,,,array
"Dec. 20, 2020",818,,,string
"Dec. 20, 2020",1412,,,array
"Dec. 20, 2020",1953,,,array
"Dec. 20, 2020",2328,,,union find
"Dec. 19, 2020",—,,,
"Dec. 19, 2020",—,,,
"Dec. 19, 2020",—,,,
"Dec. 19, 2020",—,,,
"Dec. 13, 2020",518,,,math
"Dec. 13, 2020",1190,,,greedy
"Dec. 13, 2020",1961,,,dynamic programming
"Dec. 13, 2020",2202,,,dynamic programming
"Dec. 12, 2020",—,,,
"Dec. 12, 2020",—,,,
"Dec. 12, 2020",—,,,
"Dec. 12, 2020",—,,,
"Dec. 12, 2020",575,,,string
"Dec. 12, 2020",1362,,,math
"Dec. 12, 2020",2004,,,greedy
"Dec. 12, 2020",2639,,,dynamic programming
"Dec. 6, 2020",635,,,string
"Dec. 6, 2020",1154,,,hash table
"Dec. 6, 2020",1581,,,math
"Dec. 6, 2020",2419,,,array
"Dec. 5, 2020",—,,,
"Dec. 5, 2020",—,,,
"Dec. 5, 2020",—,,,
"Dec. 5, 2020",—,,,
"Nov. 29, 2020",363,,,array
"Nov. 29, 2020",1787,,,stack
"Nov. 29, 2020",2356,,,array
"Nov. 29, 2020",2577,,,array
"Nov. 28, 2020",—,,,
"Nov. 28, 2020",—,,,
"Nov. 28, 2020",—,,,
"Nov. 28, 2020",—,,,
"Nov. 28, 2020",998,,,string
"Nov. 28, 2020",1131,,,linked list
"Nov. 28, 2020",1498,,,linked list
"Nov. 28, 2020",1889,,,dynamic programming
"Nov. 22, 2020",666,,,string
"Nov. 22, 2020",1351,,,greedy
"Nov. 22, 2020",1535,,,array
"Nov. 22, 2020",1904,,,greedy
"Nov. 21, 2020",—,,,
"Nov. 21, 2020",—,,,
"Nov. 21, 2020",—,,,
"Nov. 21, 2020",—,,,
"Nov. 15, 2020",1030,,,array
"Nov. 15, 2020",1356,,,hash table
"Nov. 15, 2020",1772,,,binary search
"Nov. 15, 2020",2706,,,dynamic programming
"Nov. 14, 2020",—,,,
"Nov. 14, 2020",—,,,
"Nov. 14, 2020",—,,,
"Nov. 14, 2020",—,,,
"Nov. 14, 2020",617,,,array
"Nov. 14, 2020",1720,,,string
"Nov. 14, 2020",2115,,,dynamic programming
"Nov. 14, 2020",2313,,,dynamic programming
"Nov. 8, 2020",712,,,array
"Nov. 8, 2020",1381,,,greedy
"Nov. 8, 2020",2050,,,math
"Nov. 8, 2020",2229,,,binary search
"Nov. 7, 2020",—,,,
"Nov. 7, 2020",—,,,
"Nov. 7, 2020",—,,,
"Nov. 7, 2020",—,,,
"Nov. 1, 2020",1304,,,math
"Nov. 1, 2020",1327,,,array
"Nov. 1, 2020",1950,,,array
"Nov. 1, 2020",2088,,,dynamic programming
"Oct. 31, 2020",—,,,
"Oct. 31, 2020",—,,,
"Oct. 31, 2020",—,,,
"Oct. 31, 2020",—,,,
"Oct. 31, 2020",853,,,array
"Oct. 31, 2020",1167,,,array
"Oct. 31, 2020",1670,,,hash table
"Oct. 31, 2020",2077,,,dynamic programming
"Oct. 25, 2020",848,,,array
"Oct. 25, 2020",1218,,,array
"Oct. 25, 2020",1937,,,binary search
"Oct. 25, 2020",2576,,,union find
"Oct. 24, 2020",—,,,
"Oct. 24, 2020",—,,,
"Oct. 24, 2020",—,,,
"Oct. 24, 2020",—,,,
"Oct. 18, 2020",507,,,string
"Oct. 18, 2020",1997,,,breadth-first search
"Oct. 18, 2020",2039,,,dynamic programming
"Oct. 18, 2020",2250,,,math
"Oct. 17, 2020",—,,,
"Oct. 17, 2020",—,,,
"Oct. 17, 2020",—,,,
"Oct. 17, 2020",—,,,
"Oct. 17, 2020",538,,,array
"Oct. 17, 2020",1566,,,array
"Oct. 17, 2020",2197,,,dynamic programming
"Oct. 17, 2020",2495,,,math
"Oct. 11, 2020",827,,,string
"Oct. 11, 2020",1406,,,graph
"Oct. 11, 2020",1847,,,two pointers
"Oct. 11, 2020",2320,,,dynamic programming
"Oct. 10, 2020",—,,,
"Oct. 10, 2020",—,,,
"Oct. 10, 2020",—,,,
"Oct. 10, 2020",—,,,
"Oct. 4, 2020",923,,,array
"Oct. 4, 2020",1208,,,tree
"Oct. 4, 2020",2166,,,geometry
"Oct. 4, 2020",2372,,,dynamic programming
"Oct. 3, 2020",—,,,
"Oct. 3, 2020",—,,,
"Oct. 3, 2020",—,,,
"Oct. 3, 2020",—,,,
"Oct. 3, 2020",563,,,design
"Oct. 3, 2020",1500,,,string
"Oct. 3, 2020",1843,,,greedy
"Oct. 3, 2020",2285,,,array
"Sept. 27, 2020",603,,,stack
"Sept. 27, 2020",1443,,,array
"Sept. 27, 2020",1734,,,tree
"Sept. 27, 2020",2136,,,array
"Sept. 26, 2020",—,,,
"Sept. 26, 2020",—,,,
"Sept. 26, 2020",—,,,
"Sept. 26, 2020",—,,,
"Sept. 20, 2020",705,,,string
"Sept. 20, 2020",1688,,,backtracking
"Sept. 20, 2020",1773,,,dynamic programming
"Sept. 20, 2020",2590,,,dynamic programming
"Sept. 19, 2020",—,,,
"Sept. 19, 2020",—,,,
"Sept. 19, 2020",—,,,
"Sept. 19, 2020",—,,,
"Sept. 19, 2020",582,,,array
"Sept. 19, 2020",1822,,,greedy
"Sept. 19, 2020",2017,,,array
"Sept. 19, 2020",2302,,,array
"Sept. 13, 2020",529,,,array
"Sept. 13, 2020",1593,,,array
"Sept. 13, 2020",1847,,,union find
"Sept. 13, 2020",2369,,,string
"Sept. 12, 2020",—,,,
"Sept. 12, 2020",—,,,
"Sept. 12, 2020",—,,,
"Sept. 12, 2020",—,,,
"Sept. 6, 2020",878,,,string
"Sept. 6, 2020",1455,,,array
"Sept. 6, 2020",1488,,,hash table
"Sept. 6, 2020",2152,,,union find
"Sept. 5, 2020",—,,,
"Sept. 5, 2020",—,,,
"Sept. 5, 2020",—,,,
"Sept. 5, 2020",—,,,
"Sept. 5, 2020",399,,,array
"Sept. 5, 2020",1508,,,string
"Sept. 5, 2020",1925,,,array
"Sept. 5, 2020",2066,,,dynamic programming
"Aug. 30, 2020",974,,,array
"Aug. 30, 2020",1587,,,greedy
"Aug. 30, 2020",2225,,,array
"Aug. 30, 2020",2311,,,dynamic programming
"Aug. 29, 2020",—,,,
"Aug. 29, 2020",—,,,
"Aug. 29, 2020",—,,,
"Aug. 29, 2020",—,,,
"Aug. 23, 2020",1046,,,array
"Aug. 23, 2020",1190,,,array
"Aug. 23, 2020",1919,,,binary search
"Aug. 23, 2020",2104,,,dynamic programming
"Aug. 22, 2020",—,,,
"Aug. 22, 2020",—,,,
"Aug. 22, 2020",—,,,
"Aug. 22, 2020",—,,,
"Aug. 22, 2020",551,,,string
"Aug. 22, 2020",1427,,,graph
"Aug. 22, 2020",1589,,,greedy
"Aug. 22, 2020",1826,,,depth-first search
"Aug. 16, 2020",520,,,array
"Aug. 16, 2020",1037,,,math
"Aug. 16, 2020",1925,,,array
"Aug. 16, 2020",2070,,,dynamic programming
"Aug. 15, 2020",—,,,
"Aug. 15, 2020",—,,,
"Aug. 15, 2020",—,,,
"Aug. 15, 2020",—,,,
"Aug. 9, 2020",891,,,string
"Aug. 9, 2020",1322,,,string
"Aug. 9, 2020",1842,,,array
"Aug. 9, 2020",2135,,,dynamic programming
"Aug. 8, 2020",—,,,
"Aug. 8, 2020",—,,,
"Aug. 8, 2020",—,,,
"Aug. 8, 2020",—,,,
"Aug. 8, 2020",470,,,array
"Aug. 8, 2020",1556,,,string
"Aug. 8, 2020",1717,,,string
"Aug. 8, 2020",2244,,,string
"Aug. 2, 2020",802,,,array
"Aug. 2, 2020",1284,,,array
"Aug. 2, 2020",1878,,,greedy
"Aug. 2, 2020",1968,,,dynamic programming
"Aug. 1, 2020",—,,,
"Aug. 1, 2020",—,,,
"Aug. 1, 2020",—,,,
"Aug. 1, 2020",—,,,
"July 26, 2020",499,,,array
"July 26, 2020",1262,,,string
"July 26, 2020",1731,,,tree
"July 26, 2020",2625,,,string
"July 25, 2020",—,,,
"July 25, 2020",—,,,
"July 25, 2020",—,,,
"July 25, 2020",—,,,
"July 25, 2020",505,,,math
"July 25, 2020",1419,,,string
"July 25, 2020",1561,,,array
"July 25, 2020",1875,,,array
"July 19, 2020",393,,,math
"July 19, 2020",1795,,,depth-first search
"July 19, 2020",2401,,,greedy
"July 19, 2020",2430,,,binary search
"July 18, 2020",—,,,
"July 18, 2020",—,,,
"July 18, 2020",—,,,
"July 18, 2020",—,,,
"July 12, 2020",441,,,array
"July 12, 2020",1230,,,math
"July 12, 2020",1853,,,graph
"July 12, 2020",2195,,,geometry
"July 11, 2020",—,,,
"July 11, 2020",—,,,
"July 11, 2020",—,,,
"July 11, 2020",—,,,
"July 11, 2020",819,,,string
"July 11, 2020",1219,,,array
"July 11, 2020",1598,,,array
"July 11, 2020",1762,,,dynamic programming
"July 5, 2020",436,,,array
"July 5, 2020",1585,,,array
"July 5, 2020",1842,,,dynamic programming
"July 5, 2020",2364,,,greedy
"July 4, 2020",—,,,
"July 4, 2020",—,,,
"July 4, 2020",—,,,
"July 4, 2020",—,,,
"June 28, 2020",806,,,hash table
"June 28, 2020",1615,,,array
"June 28, 2020",2173,,,array
"June 28, 2020",2366,,,array
"June 27, 2020",—,,,
"June 27, 2020",—,,,
"June 27, 2020",—,,,
"June 27, 2020",—,,,
"June 27, 2020",600,,,array
"June 27, 2020",882,,,number theory
"June 27, 2020",1311,,,array
"June 27, 2020",2056,,,dynamic programming
"June 21, 2020",531,,,bit manipulation
"June 21, 2020",1675,,,hash table
"June 21, 2020",1977,,,array
"June 21, 2020",2617,,,union find
"June 20, 2020",—,,,
"June 20, 2020",—,,,
"June 20, 2020",—,,,
"June 20, 2020",—,,,
"June 14, 2020",473,,,array
"June 14, 2020",1158,,,array
"June 14, 2020",1967,,,array
"June 14, 2020",2148,,,binary search
"June 13, 2020",—,,,
"June 13, 2020",—,,,
"June 13, 2020",—,,,
"June 13, 2020",—,,,
"June 13, 2020",576,,,array
"June 13, 2020",1135,,,array
"June 13, 2020",1844,,,dynamic programming
"June 13, 2020",2221,,,math
"June 7, 2020",556,,,array
"June 7, 2020",1223,,,array
"June 7, 2020",1398,,,design
"June 7, 2020",2092,,,dynamic programming
"June 6, 2020",—,,,
"June 6, 2020",—,,,
"June 6, 2020",—,,,
"June 6, 2020",—,,,
"May 31, 2020",462,,,array
"May 31, 2020",1378,,,array
"May 31, 2020",1613,,,depth-first search
"May 31, 2020",2415,,,math
"May 30, 2020",—,,,
"May 30, 2020",—,,,
"May 30, 2020",—,,,
"May 30, 2020",—,,,
"May 30, 2020",481,,,array
"May 30, 2020",1444,,,hash table
"May 30, 2020",1677,,,depth-first search
"May 30, 2020",1974,,,array
"May 24, 2020",628,,,string
"May 24, 2020",1123,,,string
"May 24, 2020",1344,,,bit manipulation
"May 24, 2020",1840,,,dynamic programming
"May 23, 2020",—,,,
"May 23, 2020",—,,,
"May 23, 2020",—,,,
"May 23, 2020",—,,,
"May 17, 2020",531,,,array
"May 17, 2020",1186,,,string
"May 17, 2020",1536,,,string
"May 17, 2020",2244,,,geometry
"May 16, 2020",—,,,
"May 16, 2020",—,,,
"May 16, 2020",—,,,
"May 16, 2020",—,,,
"May 16, 2020",—,,,
"May 16, 2020",475,,,string
"May 16, 2020",1057,,,math
"May 16, 2020",1239,,,tree
"May 16, 2020",1942,,,dynamic programming
"May 10, 2020",550,,,stack
"May 10, 2020",1470,,,array
"May 10, 2020",1663,,,tree
"May 10, 2020",2160,,,dynamic programming
"May 9, 2020",—,,,
"May 9, 2020",—,,,
"May 9, 2020",—,,,
"May 9, 2020",—,,,
"May 3, 2020",820,,,string
"May 3, 2020",828,,,array
"May 3, 2020",1657,,,array
"May 3, 2020",2161,,,array
"May 2, 2020",—,,,
"May 2, 2020",—,,,
"May 2, 2020",—,,,
"May 2, 2020",—,,,
"May 2, 2020",504,,,array
"May 2, 2020",1319,,,math
"May 2, 2020",1342,,,string
"May 2, 2020",2284,,,dynamic programming
"April 26, 2020",622,,,string
"April 26, 2020",1512,,,array
"April 26, 2020",1763,,,array
"April 26, 2020",2048,,,dynamic programming
"April 25, 2020",—,,,
"April 25, 2020",—,,,
"April 25, 2020",—,,,
"April 25, 2020",—,,,
"April 19, 2020",704,,,string
"April 19, 2020",1403,,,hash table
"April 19, 2020",1666,,,string
"April 19, 2020",2201,,,dynamic programming
"April 18, 2020",—,,,
"April 18, 2020",—,,,
"April 18, 2020",—,,,
"April 18, 2020",—,,,
"April 18, 2020",699,,,array
"April 18, 2020",1361,,,greedy
"April 18, 2020",1524,,,backtracking
"April 18, 2020",1924,,,dynamic programming
"April 12, 2020",839,,,string
"April 12, 2020",1166,,,array
"April 12, 2020",1288,,,string
"April 12, 2020",1840,,,dynamic programming
"April 11, 2020",—,,,
"April 11, 2020",—,,,
"April 11, 2020",—,,,
"April 11, 2020",—,,,
"April 5, 2020",973,,,greedy
"April 5, 2020",1246,,,string
"April 5, 2020",1819,,,greedy
"April 5, 2020",2047,,,dynamic programming
"April 4, 2020",—,,,
"April 4, 2020",—,,,
"April 4, 2020",—,,,
"April 4, 2020",—,,,
"April 4, 2020",941,,,hash table
"April 4, 2020",1412,,,greedy
"April 4, 2020",1617,,,dynamic programming
"April 4, 2020",1655,,,geometry
"March 29, 2020",511,,,array
"March 29, 2020",1241,,,array
"March 29, 2020",1412,,,design
"March 29, 2020",2710,,,dynamic programming
"March 22, 2020",808,,,array
"March 22, 2020",1403,,,math
"March 22, 2020",1739,,,depth-first search
"March 22, 2020",1879,,,string
"March 21, 2020",752,,,array
"March 21, 2020",1434,,,dynamic programming
"March 21, 2020",1594,,,array
"March 21, 2020",2462,,,dynamic programming
"March 15, 2020",791,,,array
"March 15, 2020",1080,,,stack
"March 15, 2020",1497,,,binary search tree
"March 15, 2020",2119,,,greedy
"March 8, 2020",686,,,string
"March 8, 2020",1363,,,array
"March 8, 2020",1527,,,depth-first search
"March 8, 2020",1835,,,depth-first search
"March 7, 2020",931,,,string
"March 7, 2020",1659,,,dynamic programming
"March 7, 2020",1898,,,dynamic programming
"March 7, 2020",2030,,,string
"March 1, 2020",627,,,array
"March 1, 2020",1606,,,array
"March 1, 2020",1634,,,linked list
"March 1, 2020",2102,,,breadth-first search
"Feb. 23, 2020",1247,,,math
"Feb. 23, 2020",1334,,,graph
"Feb. 23, 2020",1441,,,math
"Feb. 23, 2020",1817,,,dynamic programming
"Feb. 22, 2020",829,,,bit manipulation
"Feb. 22, 2020",1314,,,design
"Feb. 22, 2020",1613,,,string
"Feb. 22, 2020",1700,,,math
"Feb. 16, 2020",619,,,array
"Feb. 16, 2020",1428,,,array
"Feb. 16, 2020",2015,,,greedy
"Feb. 16, 2020",2022,,,array
"Feb. 9, 2020",691,,,hash table
"Feb. 9, 2020",1112,,,hash table
"Feb. 9, 2020",1988,,,hash table
"Feb. 9, 2020",2316,,,array
"Feb. 8, 2020",532,,,bit manipulation
"Feb. 8, 2020",1158,,,array
"Feb. 8, 2020",1167,,,math
"Feb. 8, 2020",1812,,,breadth-first search
"Feb. 2, 2020",789,,,array
"Feb. 2, 2020",1092,,,array
"Feb. 2, 2020",1651,,,tree
"Feb. 2, 2020",1875,,,dynamic programming
"Jan. 26, 2020",1072,,,array
"Jan. 26, 2020",1519,,,string
"Jan. 26, 2020",1825,,,graph
"Jan. 26, 2020",2036,,,dynamic programming
"Jan. 25, 2020",942,,,array
"Jan. 25, 2020",1288,,,string
"Jan. 25, 2020",1429,,,array
"Jan. 25, 2020",2515,,,array
"Jan. 19, 2020",648,,,math
"Jan. 19, 2020",1167,,,string
"Jan. 19, 2020",1299,,,tree
"Jan. 19, 2020",1895,,,dynamic programming
"Jan. 12, 2020",979,,,math
"Jan. 12, 2020",1233,,,bit manipulation
"Jan. 12, 2020",1597,,,depth-first search
"Jan. 12, 2020",2052,,,dynamic programming
"Jan. 11, 2020",928,,,array
"Jan. 11, 2020",1235,,,tree
"Jan. 11, 2020",1356,,,array
"Jan. 11, 2020",1816,,,string
"Jan. 5, 2020",854,,,string
"Jan. 5, 2020",1350,,,bit manipulation
"Jan. 5, 2020",1619,,,hash table
"Jan. 5, 2020",1779,,,dynamic programming
"Dec. 29, 2019",745,,,array
"Dec. 29, 2019",1075,,,tree
"Dec. 29, 2019",1305,,,depth-first search
"Dec. 29, 2019",2290,,,math
"Dec. 28, 2019",683,,,array
"Dec. 28, 2019",1249,,,tree
"Dec. 28, 2019",1549,,,array
"Dec. 28, 2019",1854,,,dynamic programming
"Dec. 22, 2019",487,,,array
"Dec. 22, 2019",1437,,,array
"Dec. 22, 2019",1746,,,string
"Dec. 22, 2019",1835,,,breadth-first search
"Dec. 15, 2019",655,,,linked list
"Dec. 15, 2019",1279,,,enumeration
"Dec. 15, 2019",1734,,,array
"Dec. 15, 2019",1996,,,breadth-first search
"Dec. 14, 2019",563,,,array
"Dec. 14, 2019",1232,,,array
"Dec. 14, 2019",1551,,,backtracking
"Dec. 14, 2019",1675,,,dynamic programming
"Dec. 8, 2019",518,,,math
"Dec. 8, 2019",1095,,,array
"Dec. 8, 2019",1507,,,binary search
"Dec. 8, 2019",1819,,,breadth-first search
"Dec. 1, 2019",1017,,,array
"Dec. 1, 2019",1157,,,math
"Dec. 1, 2019",1552,,,array
"Dec. 1, 2019",1990,,,dynamic programming
"Nov. 30, 2019",991,,,math
"Nov. 30, 2019",1354,,,array
"Nov. 30, 2019",1677,,,depth-first search
"Nov. 30, 2019",1992,,,divide and conquer
"Nov. 24, 2019",999,,,array
"Nov. 24, 2019",1201,,,array
"Nov. 24, 2019",1506,,,string
"Nov. 24, 2019",1844,,,dynamic programming
"Nov. 17, 2019",999,,,array
"Nov. 17, 2019",1272,,,hash table
"Nov. 17, 2019",1736,,,dynamic programming
"Nov. 17, 2019",2326,,,breadth-first search
"Nov. 16, 2019",1342,,,math
"Nov. 16, 2019",1506,,,tree
"Nov. 16, 2019",1802,,,backtracking
"Nov. 16, 2019",1914,,,math
"Nov. 10, 2019",827,,,array
"Nov. 10, 2019",1387,,,greedy
"Nov. 10, 2019",1599,,,depth-first search
"Nov. 10, 2019",1870,,,bit manipulation
"Nov. 3, 2019",1412,,,string
"Nov. 3, 2019",1459,,,array
"Nov. 3, 2019",1518,,,string
"Nov. 3, 2019",1958,,,math
"Nov. 2, 2019",892,,,array
"Nov. 2, 2019",1426,,,hash table
"Nov. 2, 2019",1746,,,tree
"Nov. 2, 2019",2216,,,dynamic programming
"Oct. 27, 2019",1067,,,math
"Oct. 27, 2019",1658,,,backtracking
"Oct. 27, 2019",1726,,,math
"Oct. 27, 2019",2259,,,backtracking
"Oct. 20, 2019",771,,,array
"Oct. 20, 2019",1479,,,array
"Oct. 20, 2019",1886,,,string
"Oct. 20, 2019",2045,,,binary search
"Oct. 19, 2019",625,,,math
"Oct. 19, 2019",1458,,,two pointers
"Oct. 19, 2019",1797,,,math
"Oct. 19, 2019",2043,,,binary search
"Oct. 13, 2019",738,,,string
"Oct. 13, 2019",1272,,,array
"Oct. 13, 2019",2030,,,dynamic programming
"Oct. 13, 2019",2078,,,hash table
"Oct. 6, 2019",1102,,,array
"Oct. 6, 2019",1498,,,hash table
"Oct. 6, 2019",1603,,,backtracking
"Oct. 6, 2019",1687,,,dynamic programming
"Oct. 5, 2019",566,,,hash table
"Oct. 5, 2019",1205,,,binary search tree
"Oct. 5, 2019",1633,,,backtracking
"Oct. 5, 2019",1728,,,string
"Sept. 29, 2019",585,,,hash table
"Sept. 29, 2019",1429,,,sliding window
"Sept. 29, 2019",1485,,,stack
"Sept. 29, 2019",2046,,,breadth-first search
"Sept. 22, 2019",559,,,array
"Sept. 22, 2019",1858,,,hash table
"Sept. 22, 2019",2056,,,math
"Sept. 22, 2019",2465,,,depth-first search
"Sept. 21, 2019",664,,,greedy
"Sept. 21, 2019",1234,,,hash table
"Sept. 21, 2019",1693,,,breadth-first search
"Sept. 21, 2019",2275,,,math
"Sept. 15, 2019",702,,,hash table
"Sept. 15, 2019",1419,,,stack
"Sept. 15, 2019",1736,,,dynamic programming
"Sept. 15, 2019",2109,,,depth-first search
"Sept. 8, 2019",821,,,array
"Sept. 8, 2019",1261,,,math
"Sept. 8, 2019",1799,,,dynamic programming
"Sept. 8, 2019",2341,,,dynamic programming
"Sept. 7, 2019",872,,,math
"Sept. 7, 2019",1463,,,string
"Sept. 7, 2019",1552,,,binary search
"Sept. 7, 2019",2380,,,greedy
"Sept. 1, 2019",1093,,,array
"Sept. 1, 2019",1325,,,math
"Sept. 1, 2019",1824,,,array
"Sept. 1, 2019",2268,,,hash table
"Aug. 25, 2019",1063,,,array
"Aug. 25, 2019",1559,,,array
"Aug. 25, 2019",1728,,,linked list
"Aug. 25, 2019",2113,,,design
"Aug. 24, 2019",571,,,string
"Aug. 24, 2019",1399,,,hash table
"Aug. 24, 2019",1403,,,greedy
"Aug. 24, 2019",2084,,,union find
"Aug. 18, 2019",886,,,array
"Aug. 18, 2019",1029,,,tree
"Aug. 18, 2019",1649,,,breadth-first search
"Aug. 18, 2019",1878,,,string
"Aug. 11, 2019",757,,,math
"Aug. 11, 2019",1623,,,dynamic programming
"Aug. 11, 2019",1779,,,string
"Aug. 11, 2019",2249,,,array
"Aug. 10, 2019",574,,,array
"Aug. 10, 2019",1408,,,array
"Aug. 10, 2019",1839,,,array
"Aug. 10, 2019",1946,,,hash table
"Aug. 4, 2019",1309,,,array
"Aug. 4, 2019",1640,,,tree
"Aug. 4, 2019",1691,,,array
"Aug. 4, 2019",1871,,,dynamic programming
"July 28, 2019",683,,,math
"July 28, 2019",1327,,,hash table
"July 28, 2019",1736,,,dynamic programming
"July 28, 2019",2061,,,dynamic programming
"July 27, 2019",484,,,array
"July 27, 2019",634,,,math
"July 27, 2019",1686,,,graph
"July 27, 2019",1730,,,union find
"July 21, 2019",758,,,array
"July 21, 2019",1750,,,breadth-first search
"July 21, 2019",1912,,,dynamic programming
"July 21, 2019",2079,,,math
"July 14, 2019",688,,,array
"July 14, 2019",1568,,,tree
"July 14, 2019",1922,,,stack
"July 14, 2019",2292,,,dynamic programming
"July 13, 2019",754,,,math
"July 13, 2019",760,,,string
"July 13, 2019",1190,,,tree
"July 13, 2019",1620,,,array
"July 7, 2019",607,,,string
"July 7, 2019",1482,,,tree
"July 7, 2019",1539,,,array
"July 7, 2019",1752,,,string
"June 30, 2019",875,,,math
"June 30, 2019",1458,,,math
"June 30, 2019",1866,,,string
"June 30, 2019",2011,,,dynamic programming
"June 29, 2019",644,,,array
"June 29, 2019",1131,,,string
"June 29, 2019",1486,,,union find
"June 29, 2019",1994,,,depth-first search
"June 23, 2019",1182,,,array
"June 23, 2019",1262,,,math
"June 23, 2019",1788,,,binary search
"June 23, 2019",2380,,,string
"June 16, 2019",889,,,array
"June 16, 2019",1414,,,hash table
"June 16, 2019",1614,,,breadth-first search
"June 16, 2019",1991,,,dynamic programming
"June 15, 2019",400,,,array
"June 15, 2019",1069,,,array
"June 15, 2019",1377,,,backtracking
"June 15, 2019",2070,,,math
"June 9, 2019",823,,,string
"June 9, 2019",1651,,,hash table
"June 9, 2019",1720,,,tree
"June 9, 2019",2092,,,monotonic stack
"June 2, 2019",949,,,string
"June 2, 2019",1751,,,hash table
"June 2, 2019",1773,,,math
"June 2, 2019",2208,,,array
"June 1, 2019",461,,,array
"June 1, 2019",1136,,,string
"June 1, 2019",1871,,,dynamic programming
"June 1, 2019",2032,,,math
"May 26, 2019",1064,,,array
"May 26, 2019",1292,,,array
"May 26, 2019",1589,,,array
"May 26, 2019",1673,,,array
"May 19, 2019",815,,,array
"May 19, 2019",1125,,,stack
"May 19, 2019",1575,,,hash table
"May 19, 2019",2126,,,dynamic programming
"May 12, 2019",1182,,,math
"May 12, 2019",1589,,,graph
"May 12, 2019",1878,,,dynamic programming
"May 12, 2019",2462,,,binary search
"May 5, 2019",903,,,math
"May 5, 2019",1233,,,tree
"May 5, 2019",2142,,,dynamic programming
"May 5, 2019",2473,,,array
"April 28, 2019",1071,,,brainteaser
"April 28, 2019",1458,,,depth-first search
"April 28, 2019",1768,,,array
"April 28, 2019",2187,,,breadth-first search
"April 21, 2019",962,,,array
"April 21, 2019",1497,,,greedy
"April 21, 2019",1622,,,array
"April 21, 2019",1964,,,trie
"April 14, 2019",1254,,,math
"April 14, 2019",1285,,,tree
"April 14, 2019",1729,,,dynamic programming
"April 14, 2019",1778,,,tree
"April 7, 2019",998,,,stack
"April 7, 2019",1344,,,tree
"April 7, 2019",1456,,,string
"April 7, 2019",1728,,,dynamic programming
"March 31, 2019",1137,,,array
"March 31, 2019",1489,,,linked list
"March 31, 2019",1558,,,depth-first search
"March 31, 2019",1665,,,math
"March 24, 2019",955,,,array
"March 24, 2019",1667,,,array
"March 24, 2019",1726,,,string
"March 24, 2019",1840,,,math
"March 17, 2019",832,,,bit manipulation
"March 17, 2019",1244,,,array
"March 17, 2019",1701,,,array
"March 17, 2019",2258,,,math
"March 10, 2019",980,,,greedy
"March 10, 2019",1272,,,math
"March 10, 2019",1480,,,array
"March 10, 2019",1507,,,tree
"March 3, 2019",921,,,array
"March 3, 2019",1298,,,string
"March 3, 2019",1620,,,sliding window
"March 3, 2019",2461,,,dynamic programming
"Feb. 24, 2019",801,,,graph
"Feb. 24, 2019",1150,,,array
"Feb. 24, 2019",1431,,,tree
"Feb. 24, 2019",1877,,,hash table
"Feb. 17, 2019",843,,,tree
"Feb. 17, 2019",1291,,,breadth-first search
"Feb. 17, 2019",1828,,,sliding window
"Feb. 17, 2019",1937,,,math
"Feb. 10, 2019",742,,,array
"Feb. 10, 2019",1595,,,union find
"Feb. 10, 2019",1909,,,math
"Feb. 10, 2019",2239,,,hash table
"Feb. 3, 2019",780,,,array
"Feb. 3, 2019",1344,,,tree
"Feb. 3, 2019",1485,,,two pointers
"Feb. 3, 2019",1656,,,hash table
"Jan. 27, 2019",1191,,,greedy
"Jan. 27, 2019",1439,,,hash table
"Jan. 27, 2019",1747,,,dynamic programming
"Jan. 27, 2019",2102,,,array
"Jan. 20, 2019",573,,,array
"Jan. 20, 2019",1316,,,array
"Jan. 20, 2019",1706,,,tree
"Jan. 20, 2019",1846,,,backtracking
"Jan. 13, 2019",799,,,divide and conquer
"Jan. 13, 2019",1190,,,math
"Jan. 13, 2019",1652,,,array
"Jan. 13, 2019",2097,,,dynamic programming
"Jan. 6, 2019",935,,,hash table
"Jan. 6, 2019",1499,,,array
"Jan. 6, 2019",1756,,,tree
"Jan. 6, 2019",2139,,,math
"Dec. 30, 2018",517,,,tree
"Dec. 30, 2018",1353,,,backtracking
"Dec. 30, 2018",1795,,,hash table
"Dec. 30, 2018",2158,,,dynamic programming
"Dec. 23, 2018",596,,,hash table
"Dec. 23, 2018",1571,,,array
"Dec. 23, 2018",2003,,,math
"Dec. 23, 2018",2612,,,math
"Dec. 16, 2018",942,,,tree
"Dec. 16, 2018",1625,,,hash table
"Dec. 16, 2018",2142,,,depth-first search
"Dec. 16, 2018",2264,,,dynamic programming
"Dec. 9, 2018",803,,,hash table
"Dec. 9, 2018",1452,,,array
"Dec. 9, 2018",1861,,,greedy
"Dec. 9, 2018",2410,,,dynamic programming
"Dec. 2, 2018",1246,,,tree
"Dec. 2, 2018",1285,,,string
"Dec. 2, 2018",1617,,,array
"Dec. 2, 2018",2283,,,math
"Nov. 25, 2018",1217,,,array
"Nov. 25, 2018",1241,,,stack
"Nov. 25, 2018",1707,,,two pointers
"Nov. 25, 2018",2036,,,depth-first search
"Nov. 18, 2018",650,,,array
"Nov. 18, 2018",1269,,,array
"Nov. 18, 2018",1346,,,array
"Nov. 18, 2018",2216,,,dynamic programming
"Nov. 11, 2018",1025,,,tree
"Nov. 11, 2018",1170,,,string
"Nov. 11, 2018",1722,,,hash table
"Nov. 11, 2018",1999,,,dynamic programming
"Nov. 4, 2018",781,,,queue
"Nov. 4, 2018",1638,,,dynamic programming
"Nov. 4, 2018",1801,,,depth-first search
"Nov. 4, 2018",2619,,,string
"Oct. 28, 2018",705,,,string
"Oct. 28, 2018",1514,,,dynamic programming
"Oct. 28, 2018",1547,,,hash table
"Oct. 28, 2018",2330,,,divide and conquer
"Oct. 21, 2018",625,,,two pointers
"Oct. 21, 2018",1537,,,string
"Oct. 21, 2018",1999,,,depth-first search
"Oct. 21, 2018",2007,,,math
"Oct. 14, 2018",683,,,array
"Oct. 14, 2018",1005,,,stack
"Oct. 14, 2018",1687,,,two pointers
"Oct. 14, 2018",1873,,,depth-first search
"Oct. 7, 2018",620,,,string
"Oct. 7, 2018",1654,,,tree
"Oct. 7, 2018",1760,,,array
"Oct. 7, 2018",2436,,,dynamic programming
"Sept. 30, 2018",986,,,array
"Sept. 30, 2018",1345,,,array
"Sept. 30, 2018",1539,,,string
"Sept. 30, 2018",2597,,,math
"Sept. 23, 2018",623,,,math
"Sept. 23, 2018",2000,,,binary search
"Sept. 23, 2018",2017,,,breadth-first search
"Sept. 23, 2018",2150,,,math
"Sept. 16, 2018",556,,,array
"Sept. 16, 2018",1441,,,array
"Sept. 16, 2018",1989,,,array
"Sept. 16, 2018",2161,,,math
"Sept. 9, 2018",1039,,,array
"Sept. 9, 2018",1553,,,stack
"Sept. 9, 2018",1940,,,math
"Sept. 9, 2018",2434,,,dynamic programming
"Sept. 2, 2018",687,,,array
"Sept. 2, 2018",1359,,,tree
"Sept. 2, 2018",2104,,,math
"Sept. 2, 2018",2142,,,dynamic programming
"Aug. 26, 2018",1191,,,math
"Aug. 26, 2018",1411,,,string
"Aug. 26, 2018",1715,,,tree
"Aug. 26, 2018",2021,,,hash table
"Aug. 19, 2018",940,,,array
"Aug. 19, 2018",1192,,,string
"Aug. 19, 2018",1691,,,tree
"Aug. 19, 2018",2203,,,array
"Aug. 12, 2018",586,,,hash table
"Aug. 12, 2018",1633,,,array
"Aug. 12, 2018",1788,,,depth-first search
"Aug. 12, 2018",2406,,,math
"Aug. 5, 2018",1109,,,math
"Aug. 5, 2018",1365,,,two pointers
"Aug. 5, 2018",2001,,,stack
"Aug. 5, 2018",2359,,,graph
"July 29, 2018",624,,,linked list
"July 29, 2018",1530,,,math
"July 29, 2018",1886,,,math
"July 29, 2018",2229,,,dynamic programming
"July 22, 2018",662,,,tree
"July 22, 2018",1734,,,binary search
"July 22, 2018",1826,,,array
"July 22, 2018",1910,,,array
"July 15, 2018",834,,,bit manipulation
"July 15, 2018",1395,,,math
"July 15, 2018",1599,,,array
"July 15, 2018",2096,,,dynamic programming
"July 8, 2018",668,,,array
"July 8, 2018",1460,,,tree
"July 8, 2018",1952,,,math
"July 8, 2018",2292,,,breadth-first search
"July 1, 2018",662,,,greedy
"July 1, 2018",1615,,,tree
"July 1, 2018",1792,,,greedy
"July 1, 2018",2335,,,binary search
"June 24, 2018",828,,,string
"June 24, 2018",1458,,,string
"June 24, 2018",1861,,,math
"June 24, 2018",2281,,,array
"June 17, 2018",461,,,binary search
"June 17, 2018",1641,,,array
"June 17, 2018",2082,,,design
"June 17, 2018",2406,,,breadth-first search
"June 10, 2018",1020,,,string
"June 10, 2018",1111,,,array
"June 10, 2018",1765,,,depth-first search
"June 10, 2018",2264,,,segment tree
"June 3, 2018",791,,,two pointers
"June 3, 2018",1324,,,two pointers
"June 3, 2018",1517,,,array
"June 3, 2018",2233,,,dynamic programming
"May 27, 2018",1142,,,depth-first search
"May 27, 2018",1156,,,array
"May 27, 2018",1753,,,string
"May 27, 2018",2101,,,array
"May 20, 2018",1025,,,math
"May 20, 2018",1519,,,two pointers
"May 20, 2018",2046,,,depth-first search
"May 20, 2018",2379,,,dynamic programming
"May 13, 2018",639,,,array
"May 13, 2018",1363,,,string
"May 13, 2018",1963,,,array
"May 13, 2018",2242,,,tree
"May 6, 2018",684,,,string
"May 6, 2018",1329,,,string
"May 6, 2018",1664,,,math
"May 6, 2018",2069,,,hash table
"April 29, 2018",800,,,string
"April 29, 2018",1667,,,array
"April 29, 2018",1682,,,two pointers
"April 29, 2018",1936,,,depth-first search
"April 22, 2018",656,,,array
"April 22, 2018",1528,,,array
"April 22, 2018",1589,,,array
"April 22, 2018",1901,,,array
"April 15, 2018",924,,,string
"April 15, 2018",1273,,,linked list
"April 15, 2018",1671,,,string
"April 15, 2018",2418,,,dynamic programming
"April 8, 2018",1058,,,tree
"April 8, 2018",1409,,,math
"April 8, 2018",1927,,,dynamic programming
"April 8, 2018",1965,,,breadth-first search
"April 1, 2018",832,,,hash table
"April 1, 2018",1500,,,string
"April 1, 2018",2358,,,math
"April 1, 2018",2417,,,dynamic programming
"March 25, 2018",919,,,array
"March 25, 2018",921,,,string
"March 25, 2018",1158,,,array
"March 25, 2018",2000,,,math
"March 18, 2018",1042,,,math
"March 18, 2018",1896,,,depth-first search
"March 18, 2018",2018,,,dynamic programming
"March 18, 2018",2774,,,union find
"March 11, 2018",765,,,string
"March 11, 2018",1293,,,backtracking
"March 11, 2018",1868,,,dynamic programming
"March 11, 2018",2150,,,array
"March 4, 2018",1311,,,array
"March 4, 2018",1597,,,array
"March 4, 2018",1745,,,array
"March 4, 2018",2081,,,binary search
"Feb. 25, 2018",1161,,,math
"Feb. 25, 2018",1203,,,string
"Feb. 25, 2018",1521,,,math
"Feb. 25, 2018",1802,,,dynamic programming
"Feb. 18, 2018",825,,,backtracking
"Feb. 18, 2018",1551,,,depth-first search
"Feb. 18, 2018",1747,,,dynamic programming
"Feb. 18, 2018",2182,,,binary search
"Feb. 11, 2018",815,,,tree
"Feb. 11, 2018",1293,,,hash table
"Feb. 11, 2018",1875,,,math
"Feb. 11, 2018",2468,,,array
"Feb. 4, 2018",1201,,,recursion
"Feb. 4, 2018",1714,,,tree
"Feb. 4, 2018",1882,,,two pointers
"Feb. 4, 2018",2086,,,binary search
"Jan. 28, 2018",631,,,hash table
"Jan. 28, 2018",1474,,,array
"Jan. 28, 2018",1834,,,breadth-first search
"Jan. 28, 2018",2138,,,binary search
"Jan. 21, 2018",771,,,array
"Jan. 21, 2018",1502,,,array
"Jan. 21, 2018",1646,,,string
"Jan. 21, 2018",1778,,,array
"Jan. 21, 2018",2955,,,hash table
"Jan. 14, 2018",1124,,,bit manipulation
"Jan. 14, 2018",1266,,,two pointers
"Jan. 14, 2018",1723,,,dynamic programming
"Jan. 14, 2018",2014,,,greedy
"Jan. 7, 2018",607,,,hash table
"Jan. 7, 2018",1500,,,string
"Jan. 7, 2018",1692,,,array
"Jan. 7, 2018",2327,,,string
"Dec. 31, 2017",1606,,,array
"Dec. 31, 2017",1697,,,math
"Dec. 31, 2017",1885,,,bit manipulation
"Dec. 31, 2017",2357,,,greedy
"Dec. 24, 2017",509,,,array
"Dec. 24, 2017",1882,,,breadth-first search
"Dec. 24, 2017",2054,,,bit manipulation
"Dec. 24, 2017",2301,,,depth-first search
"Dec. 17, 2017",1105,,,array
"Dec. 17, 2017",1135,,,hash table
"Dec. 17, 2017",1602,,,dynamic programming
"Dec. 17, 2017",2317,,,depth-first search
"Dec. 10, 2017",685,,,binary search
"Dec. 10, 2017",1695,,,depth-first search
"Dec. 10, 2017",1851,,,tree
"Dec. 10, 2017",2204,,,trie
"Dec. 3, 2017",1012,,,stack
"Dec. 3, 2017",1454,,,greedy
"Dec. 3, 2017",1802,,,dynamic programming
"Dec. 3, 2017",2383,,,dynamic programming
"Nov. 26, 2017",1022,,,depth-first search
"Nov. 26, 2017",1179,,,hash table
"Nov. 26, 2017",1472,,,stack
"Nov. 26, 2017",2300,,,string
"Nov. 19, 2017",705,,,math
"Nov. 19, 2017",1331,,,binary search
"Nov. 19, 2017",1917,,,binary search
"Nov. 19, 2017",2581,,,string
"Nov. 12, 2017",803,,,array
"Nov. 12, 2017",1276,,,linked list
"Nov. 12, 2017",1825,,,hash table
"Nov. 12, 2017",1947,,,dynamic programming
"Nov. 5, 2017",1007,,,hash table
"Nov. 5, 2017",1892,,,depth-first search
"Nov. 5, 2017",2083,,,string
"Nov. 5, 2017",2269,,,array
"Oct. 29, 2017",1048,,,array
"Oct. 29, 2017",1269,,,string
"Oct. 29, 2017",1547,,,array
"Oct. 29, 2017",2025,,,array
"Oct. 22, 2017",1398,,,array
"Oct. 22, 2017",1687,,,dynamic programming
"Oct. 22, 2017",1723,,,array
"Oct. 22, 2017",2317,,,segment tree
"Oct. 15, 2017",965,,,array
"Oct. 15, 2017",1324,,,string
"Oct. 15, 2017",1796,,,dynamic programming
"Oct. 15, 2017",2171,,,segment tree
"Oct. 8, 2017",928,,,bit manipulation
"Oct. 8, 2017",1249,,,array
"Oct. 8, 2017",1608,,,hash table
"Oct. 8, 2017",2283,,,dynamic programming
"Oct. 1, 2017",1219,,,string
"Oct. 1, 2017",1499,,,tree
"Oct. 1, 2017",1812,,,dynamic programming
"Oct. 1, 2017",2156,,,array
"Sept. 24, 2017",956,,,stack
"Sept. 24, 2017",1489,,,string
"Sept. 24, 2017",1884,,,union find
"Sept. 24, 2017",1980,,,array
"Sept. 17, 2017",1192,,,string
"Sept. 17, 2017",1210,,,trie
"Sept. 17, 2017",1676,,,string
"Sept. 17, 2017",2000,,,array
"Sept. 10, 2017",574,,,array
"Sept. 10, 2017",1305,,,hash table
"Sept. 10, 2017",1787,,,dynamic programming
"Sept. 10, 2017",2063,,,breadth-first search
"Sept. 3, 2017",967,,,tree
"Sept. 3, 2017",1366,,,math
"Sept. 3, 2017",1374,,,tree
"Sept. 3, 2017",1896,,,math
"Aug. 27, 2017",1215,,,array
"Aug. 27, 2017",1443,,,tree
"Aug. 27, 2017",1844,,,array
"Aug. 27, 2017",2122,,,binary search
"Aug. 20, 2017",925,,,array
"Aug. 20, 2017",1511,,,tree
"Aug. 20, 2017",1575,,,tree
"Aug. 20, 2017",2306,,,dynamic programming
"Aug. 13, 2017",483,,,string
"Aug. 13, 2017",1294,,,binary search
"Aug. 13, 2017",1905,,,math
"Aug. 13, 2017",2013,,,greedy
"Aug. 6, 2017",909,,,tree
"Aug. 6, 2017",1139,,,tree
"Aug. 6, 2017",1614,,,tree
"Aug. 6, 2017",2029,,,dynamic programming
"July 30, 2017",1168,,,dynamic programming
"July 30, 2017",1803,,,tree
"July 30, 2017",1875,,,greedy
"July 30, 2017",1880,,,math
"July 23, 2017",660,,,hash table
"July 23, 2017",1389,,,string
"July 23, 2017",1410,,,dynamic programming
"July 23, 2017",1569,,,hash table
"July 16, 2017",343,,,array
"July 16, 2017",1672,,,stack
"July 16, 2017",2128,,,array
"July 16, 2017",2266,,,design
"July 9, 2017",485,,,tree
"July 9, 2017",1506,,,math
"July 9, 2017",2001,,,dynamic programming
"July 9, 2017",2183,,,dynamic programming
"July 2, 2017",954,,,math
"July 2, 2017",1694,,,string
"July 2, 2017",1709,,,math
"July 2, 2017",2030,,,hash table
"June 25, 2017",506,,,array
"June 25, 2017",2150,,,dynamic programming
"June 25, 2017",2401,,,design
"June 25, 2017",2487,,,greedy
"June 18, 2017",1198,,,array
"June 18, 2017",1223,,,tree
"June 18, 2017",1576,,,math
"June 18, 2017",1921,,,array
"June 11, 2017",965,,,tree
"June 11, 2017",1363,,,design
"June 11, 2017",1712,,,array
"June 11, 2017",1938,,,string
"June 4, 2017",885,,,array
"June 4, 2017",1226,,,string
"June 4, 2017",1425,,,hash table
"June 4, 2017",2168,,,string
"May 28, 2017",876,,,hash table
"May 28, 2017",1059,,,math
"May 28, 2017",1391,,,array
"May 28, 2017",2026,,,dynamic programming
"May 21, 2017",1089,,,hash table
"May 21, 2017",1353,,,math
"May 21, 2017",1668,,,math
"May 21, 2017",2082,,,design
"May 14, 2017",1037,,,array
"May 14, 2017",1282,,,tree
"May 14, 2017",1548,,,string
"May 14, 2017",2150,,,geometry
"May 7, 2017",965,,,hash table
"May 7, 2017",1183,,,tree
"May 7, 2017",1474,,,math
"May 7, 2017",1835,,,dynamic programming
"April 30, 2017",824,,,array
"April 30, 2017",1386,,,array
"April 30, 2017",1515,,,two pointers
"April 30, 2017",1850,,,dynamic programming
"April 23, 2017",1030,,,array
"April 23, 2017",1079,,,tree
"April 23, 2017",1441,,,array
"April 23, 2017",2127,,,math
"April 16, 2017",733,,,string
"April 16, 2017",1687,,,math
"April 16, 2017",2067,,,dynamic programming
"April 16, 2017",2070,,,string
"April 9, 2017",762,,,string
"April 9, 2017",1413,,,hash table
"April 9, 2017",1508,,,string
"April 9, 2017",1785,,,tree
"April 2, 2017",1152,,,string
"April 2, 2017",1483,,,depth-first search
"April 2, 2017",1677,,,string
"April 2, 2017",1894,,,array
"March 26, 2017",1105,,,math
"March 26, 2017",1113,,,math
"March 26, 2017",1561,,,tree
"March 26, 2017",2450,,,dynamic programming
"March 19, 2017",1094,,,tree
"March 19, 2017",1262,,,tree
"March 19, 2017",1675,,,breadth-first search
"March 19, 2017",1694,,,string
"March 12, 2017",950,,,string
"March 12, 2017",1230,,,string
"March 12, 2017",1543,,,string
"March 12, 2017",2007,,,string
"March 5, 2017",1107,,,array
"March 5, 2017",1124,,,array
"March 5, 2017",1624,,,array
"March 5, 2017",1931,,,dynamic programming
"Feb. 26, 2017",999,,,tree
"Feb. 26, 2017",1371,,,math
"Feb. 26, 2017",1515,,,two pointers
"Feb. 26, 2017",1792,,,depth-first search
"Feb. 19, 2017",781,,,string
"Feb. 19, 2017",1640,,,backtracking
"Feb. 19, 2017",1728,,,hash table
"Feb. 19, 2017",2282,,,array
"Feb. 12, 2017",929,,,math
"Feb. 12, 2017",1048,,,tree
"Feb. 12, 2017",1093,,,tree
"Feb. 12, 2017",1854,,,binary search
"Feb. 5, 2017",993,,,stack
"Feb. 5, 2017",1031,,,array
"Feb. 5, 2017",1363,,,stack
"Feb. 5, 2017",1545,,,array
"Feb. 4, 2017",806,,,hash table
"Feb. 4, 2017",1135,,,hash table
"Feb. 4, 2017",1764,,,greedy
"Jan. 29, 2017",1045,,,array
"Jan. 29, 2017",1484,,,tree
"Jan. 29, 2017",2078,,,depth-first search
"Jan. 22, 2017",551,,,math
"Jan. 22, 2017",1485,,,dynamic programming
"Jan. 22, 2017",1977,,,math
"Jan. 21, 2017",1273,,,dynamic programming
"Jan. 21, 2017",1574,,,greedy
"Jan. 21, 2017",1580,,,array
"Jan. 15, 2017",1103,,,array
"Jan. 15, 2017",1104,,,array
"Jan. 15, 2017",1932,,,string
"Jan. 8, 2017",1165,,,bit manipulation
"Jan. 8, 2017",1185,,,string
"Jan. 8, 2017",1444,,,two pointers
"Jan. 8, 2017",1702,,,sliding window
"Dec. 18, 2016",826,,,bit manipulation
"Dec. 18, 2016",1362,,,bit manipulation
"Dec. 18, 2016",1679,,,array
"Dec. 18, 2016",1851,,,dynamic programming
"Dec. 11, 2016",1618,,,dynamic programming
"Dec. 11, 2016",1710,,,binary search
"Dec. 11, 2016",1727,,,string
"Dec. 11, 2016",1973,,,dynamic programming
"Dec. 4, 2016",1253,,,string
"Dec. 4, 2016",1638,,,math
"Dec. 4, 2016",1714,,,dynamic programming
"Dec. 4, 2016",2075,,,dynamic programming
"Nov. 20, 2016",1239,,,math
"Nov. 20, 2016",1322,,,array
"Nov. 20, 2016",1968,,,dynamic programming
"Nov. 20, 2016",2391,,,array
"Oct. 16, 2016",843,,,array
"Oct. 16, 2016",1388,,,math
"Oct. 16, 2016",1730,,,sliding window
"Oct. 16, 2016",1883,,,backtracking
"Oct. 9, 2016",798,,,string
"Oct. 9, 2016",1384,,,dynamic programming
"Oct. 9, 2016",1623,,,depth-first search
"Oct. 9, 2016",1773,,,dynamic programming
"Oct. 2, 2016",882,,,hash table
"Oct. 2, 2016",1019,,,string
"Oct. 2, 2016",1925,,,binary search
"Oct. 2, 2016",1952,,,backtracking
"Sept. 25, 2016",790,,,tree
"Sept. 25, 2016",1256,,,bit manipulation
"Sept. 25, 2016",1534,,,array
"Sept. 25, 2016",1937,,,breadth-first search
"Sept. 18, 2016",1260,,,backtracking
"Sept. 18, 2016",1316,,,math
"Sept. 18, 2016",1582,,,stack
"Sept. 18, 2016",1674,,,dynamic programming
"Sept. 11, 2016",1248,,,math
"Sept. 11, 2016",1320,,,bit manipulation
"Sept. 11, 2016",1513,,,reservoir sampling
"Sept. 11, 2016",1665,,,union find
"Sept. 4, 2016",875,,,dynamic programming
"Sept. 4, 2016",1350,,,bit manipulation
"Sept. 4, 2016",1400,,,stack
"Sept. 4, 2016",1602,,,divide and conquer
"Aug. 28, 2016",724,,,string
"Aug. 28, 2016",1819,,,math
"Aug. 28, 2016",2217,,,array
